・・・・ｨ・・ｹｴ,・・ｽ・・・・ｺ・・・・・・ｳ・・ｼ・・・,・・ｽ・・・・ｺ・・・・・・・,・ｷ・・ｺｺ・・｣
1960,1,・・・・ｵｷ・・・,5039206
1960,2,・・・・｣ｮ・・・,1426606
1960,3,・ｲｩ・・・・・・,1448517
1960,4,・ｮｮ・・・・・・,1743195
1960,5,・ｧ・・・ｰ・・・,1335580
1960,6,・ｱｱ・ｽ｢・・・,1320664
1960,7,・ｦ・・ｳｶ・・・,2051137
1960,8,・・ｨ・・・・・・,2047024
1960,9,・�・・・ｨ・・・,1513624
1960,10,・ｾ､・ｦｬ・・・,1578476
1960,11,・・ｼ・・・・・・,2430871
1960,12,・・・・・・・・・,2306010
1960,13,・・ｱ・ｺｬ・・ｽ,9683802
1960,14,・･・・･・・ｷ・・・・,3443176
1960,15,・・ｰ・ｽ・・・・,2442037
1960,16,・ｯ・・ｱｱ・・・,1032614
1960,17,・・ｳ・ｷ・・・・,973418
1960,18,・ｦ・・ｺ・・・・,752696
1960,19,・ｱｱ・｢ｨ・・・,782062
1960,20,・・ｷ・・・・・・,1981433
1960,21,・ｲ・・・・・・・,1638399
1960,22,・・・・ｲ｡・・・,2756271
1960,23,・・・・・･・・・,4206313
1960,24,・ｸ・・・・・・・,1485054
1960,25,・ｻ・・ｳ・・・,842695
1960,26,・ｺｬ・・ｽ・ｺ・,1993403
1960,27,・､ｧ・・ｪ・ｺ・,5504746
1960,28,・・ｵ・ｺｫ・・・,3906487
1960,29,・･・・・ｯ・・・,781058
1960,30,・・・・ｭ・・ｱｱ・・・,1002191
1960,31,・ｳ･・・・・・・,599135
1960,32,・ｳｶ・�ｹ・・・,888886
1960,33,・ｲ｡・ｱｱ・・・,1670454
1960,34,・ｺ・・ｳｶ・・・,2184043
1960,35,・ｱｱ・・｣・・・,1602207
1960,36,・ｾｳ・ｳｶ・・・,847274
1960,37,・ｦ・・ｷ・・・・,918867
1960,38,・・・・ｪ・・・・,1500687
1960,39,・ｫ・・・･・・・,854595
1960,40,・ｦ・・ｲ｡・・・,4006679
1960,41,・ｽ・・ｳ・・・,942874
1960,42,・・ｷ・ｴ・・・・,1760421
1960,43,・・・・・ｬ・・・,1856192
1960,44,・､ｧ・・・・・・,1239655
1960,45,・ｮｮ・ｴ・・・・,1134590
1960,46,・ｹｿ・・・・ｳｶ・・・,1963104
1960,47,・ｲ・・ｸ・・・・,883122
1961,1,・・・・ｵｷ・・・,5073000
1961,2,・・・・｣ｮ・・・,1427000
1961,3,・ｲｩ・・・・・・,1444000
1961,4,・ｮｮ・・・・・・,1740000
1961,5,・ｧ・・・ｰ・・・,1327000
1961,6,・ｱｱ・ｽ｢・・・,1310000
1961,7,・ｦ・・ｳｶ・・・,2037000
1961,8,・・ｨ・・・・・・,2053000
1961,9,・�・・・ｨ・・・,1513000
1961,10,・ｾ､・ｦｬ・・・,1581000
1961,11,・・ｼ・・・・・・,2497000
1961,12,・・・・・・・・・,2356000
1961,13,・・ｱ・ｺｬ・・ｽ,9967000
1961,14,・･・・･・・ｷ・・・・,3606000
1961,15,・・ｰ・ｽ・・・・,2434000
1961,16,・ｯ・・ｱｱ・・・,1032000
1961,17,・・ｳ・ｷ・・・・,975000
1961,18,・ｦ・・ｺ・・・・,753000
1961,19,・ｱｱ・｢ｨ・・・,777000
1961,20,・・ｷ・・・・・・,1975000
1961,21,・ｲ・・・・・・・,1645000
1961,22,・・・・ｲ｡・・・,2781000
1961,23,・・・・・･・・・,4319000
1961,24,・ｸ・・・・・・・,1491000
1961,25,・ｻ・・ｳ・・・,844000
1961,26,・ｺｬ・・ｽ・ｺ・,2009000
1961,27,・､ｧ・・ｪ・ｺ・,5735000
1961,28,・・ｵ・ｺｫ・・・,3986000
1961,29,・･・・・ｯ・・・,784000
1961,30,・・・・ｭ・・ｱｱ・・・,1004000
1961,31,・ｳ･・・・・・・,595000
1961,32,・ｳｶ・�ｹ・・・,879000
1961,33,・ｲ｡・ｱｱ・・・,1663000
1961,34,・ｺ・・ｳｶ・・・,2194000
1961,35,・ｱｱ・・｣・・・,1594000
1961,36,・ｾｳ・ｳｶ・・・,839000
1961,37,・ｦ・・ｷ・・・・,911000
1961,38,・・・・ｪ・・・・,1488000
1961,39,・ｫ・・・･・・・,845000
1961,40,・ｦ・・ｲ｡・・・,3995000
1961,41,・ｽ・・ｳ・・・,930000
1961,42,・・ｷ・ｴ・・・・,1742000
1961,43,・・・・・ｬ・・・,1838000
1961,44,・､ｧ・・・・・・,1230000
1961,45,・ｮｮ・ｴ・・・・,1127000
1961,46,・ｹｿ・・・・ｳｶ・・・,1943000
1961,47,・ｲ・・ｸ・・・・,
1962,1,・・・・ｵｷ・・・,5099000
1962,2,・・・・｣ｮ・・・,1421000
1962,3,・ｲｩ・・・・・・,1438000
1962,4,・ｮｮ・・・・・・,1735000
1962,5,・ｧ・・・ｰ・・・,1313000
1962,6,・ｱｱ・ｽ｢・・・,1296000
1962,7,・ｦ・・ｳｶ・・・,2021000
1962,8,・・ｨ・・・・・・,2056000
1962,9,・�・・・ｨ・・・,1513000
1962,10,・ｾ､・ｦｬ・・・,1584000
1962,11,・・ｼ・・・・・・,2588000
1962,12,・・・・・・・・・,2428000
1962,13,・・ｱ・ｺｬ・・ｽ,10224000
1962,14,・･・・･・・ｷ・・・・,3801000
1962,15,・・ｰ・ｽ・・・・,2421000
1962,16,・ｯ・・ｱｱ・・・,1029000
1962,17,・・ｳ・ｷ・・・・,974000
1962,18,・ｦ・・ｺ・・・・,752000
1962,19,・ｱｱ・｢ｨ・・・,770000
1962,20,・・ｷ・・・・・・,1969000
1962,21,・ｲ・・・・・・・,1656000
1962,22,・・・・ｲ｡・・・,2810000
1962,23,・・・・・･・・・,4431000
1962,24,・ｸ・・・・・・・,1496000
1962,25,・ｻ・・ｳ・・・,847000
1962,26,・ｺｬ・・ｽ・ｺ・,2029000
1962,27,・､ｧ・・ｪ・ｺ・,5982000
1962,28,・・ｵ・ｺｫ・・・,4075000
1962,29,・･・・・ｯ・・・,789000
1962,30,・・・・ｭ・・ｱｱ・・・,1006000
1962,31,・ｳ･・・・・・・,591000
1962,32,・ｳｶ・�ｹ・・・,866000
1962,33,・ｲ｡・ｱｱ・・・,1653000
1962,34,・ｺ・・ｳｶ・・・,2211000
1962,35,・ｱｱ・・｣・・・,1585000
1962,36,・ｾｳ・ｳｶ・・・,832000
1962,37,・ｦ・・ｷ・・・・,904000
1962,38,・・・・ｪ・・・・,1474000
1962,39,・ｫ・・・･・・・,835000
1962,40,・ｦ・・ｲ｡・・・,3990000
1962,41,・ｽ・・ｳ・・・,911000
1962,42,・・ｷ・ｴ・・・・,1713000
1962,43,・・・・・ｬ・・・,1817000
1962,44,・､ｧ・・・・・・,1217000
1962,45,・ｮｮ・ｴ・・・・,1114000
1962,46,・ｹｿ・・・・ｳｶ・・・,1914000
1962,47,・ｲ・・ｸ・・・・,
1963,1,・・・・ｵｷ・・・,5120000
1963,2,・・・・｣ｮ・・・,1419000
1963,3,・ｲｩ・・・・・・,1431000
1963,4,・ｮｮ・・・・・・,1738000
1963,5,・ｧ・・・ｰ・・・,1302000
1963,6,・ｱｱ・ｽ｢・・・,1285000
1963,7,・ｦ・・ｳｶ・・・,2007000
1963,8,・・ｨ・・・・・・,2053000
1963,9,・�・・・ｨ・・・,1516000
1963,10,・ｾ､・ｦｬ・・・,1589000
1963,11,・・ｼ・・・・・・,2718000
1963,12,・・・・・・・・・,2505000
1963,13,・・ｱ・ｺｬ・・ｽ,10470000
1963,14,・･・・･・・ｷ・・・・,3990000
1963,15,・・ｰ・ｽ・・・・,2412000
1963,16,・ｯ・・ｱｱ・・・,1028000
1963,17,・・ｳ・ｷ・・・・,975000
1963,18,・ｦ・・ｺ・・・・,752000
1963,19,・ｱｱ・｢ｨ・・・,767000
1963,20,・・ｷ・・・・・・,1965000
1963,21,・ｲ・・・・・・・,1673000
1963,22,・・・・ｲ｡・・・,2842000
1963,23,・・・・・･・・・,4551000
1963,24,・ｸ・・・・・・・,1505000
1963,25,・ｻ・・ｳ・・・,846000
1963,26,・ｺｬ・・ｽ・ｺ・,2052000
1963,27,・､ｧ・・ｪ・ｺ・,6206000
1963,28,・・ｵ・ｺｫ・・・,4156000
1963,29,・･・・・ｯ・・・,800000
1963,30,・・・・ｭ・・ｱｱ・・・,1011000
1963,31,・ｳ･・・・・・・,588000
1963,32,・ｳｶ・�ｹ・・・,852000
1963,33,・ｲ｡・ｱｱ・・・,1646000
1963,34,・ｺ・・ｳｶ・・・,2231000
1963,35,・ｱｱ・・｣・・・,1569000
1963,36,・ｾｳ・ｳｶ・・・,826000
1963,37,・ｦ・・ｷ・・・・,904000
1963,38,・・・・ｪ・・・・,1462000
1963,39,・ｫ・・・･・・・,828000
1963,40,・ｦ・・ｲ｡・・・,3970000
1963,41,・ｽ・・ｳ・・・,894000
1963,42,・・ｷ・ｴ・・・・,1693000
1963,43,・・・・・ｬ・・・,1801000
1963,44,・､ｧ・・・・・・,1209000
1963,45,・ｮｮ・ｴ・・・・,1101000
1963,46,・ｹｿ・・・・ｳｶ・・・,1895000
1963,47,・ｲ・・ｸ・・・・,
1964,1,・・・・ｵｷ・・・,5143000
1964,2,・・・・｣ｮ・・・,1419000
1964,3,・ｲｩ・・・・・・,1420000
1964,4,・ｮｮ・・・・・・,1745000
1964,5,・ｧ・・・ｰ・・・,1292000
1964,6,・ｱｱ・ｽ｢・・・,1275000
1964,7,・ｦ・・ｳｶ・・・,1995000
1964,8,・・ｨ・・・・・・,2055000
1964,9,・�・・・ｨ・・・,1519000
1964,10,・ｾ､・ｦｬ・・・,1597000
1964,11,・・ｼ・・・・・・,2864000
1964,12,・・・・・・・・・,2609000
1964,13,・・ｱ・ｺｬ・・ｽ,10668000
1964,14,・･・・･・・ｷ・・・・,4203000
1964,15,・・ｰ・ｽ・・・・,2404000
1964,16,・ｯ・・ｱｱ・・・,1027000
1964,17,・・ｳ・ｷ・・・・,978000
1964,18,・ｦ・・ｺ・・・・,752000
1964,19,・ｱｱ・｢ｨ・・・,765000
1964,20,・・ｷ・・・・・・,1961000
1964,21,・ｲ・・・・・・・,1685000
1964,22,・・・・ｲ｡・・・,2876000
1964,23,・・・・・･・・・,4680000
1964,24,・ｸ・・・・・・・,1512000
1964,25,・ｻ・・ｳ・・・,849000
1964,26,・ｺｬ・・ｽ・ｺ・,2076000
1964,27,・､ｧ・・ｪ・ｺ・,6440000
1964,28,・・ｵ・ｺｫ・・・,4238000
1964,29,・･・・・ｯ・・・,811000
1964,30,・・・・ｭ・・ｱｱ・・・,1019000
1964,31,・ｳ･・・・・・・,584000
1964,32,・ｳｶ・�ｹ・・・,837000
1964,33,・ｲ｡・ｱｱ・・・,1643000
1964,34,・ｺ・・ｳｶ・・・,2255000
1964,35,・ｱｱ・・｣・・・,1551000
1964,36,・ｾｳ・ｳｶ・・・,820000
1964,37,・ｦ・・ｷ・・・・,902000
1964,38,・・・・ｪ・・・・,1451000
1964,39,・ｫ・・・･・・・,821000
1964,40,・ｦ・・ｲ｡・・・,3954000
1964,41,・ｽ・・ｳ・・・,881000
1964,42,・・ｷ・ｴ・・・・,1660000
1964,43,・・・・・ｬ・・・,1783000
1964,44,・､ｧ・・・・・・,1198000
1964,45,・ｮｮ・ｴ・・・・,1089000
1964,46,・ｹｿ・・・・ｳｶ・・・,1876000
1964,47,・ｲ・・ｸ・・・・,
1965,1,・・・・ｵｷ・・・,5171800
1965,2,・・・・｣ｮ・・・,1416591
1965,3,・ｲｩ・・・・・・,1411118
1965,4,・ｮｮ・・・・・・,1753126
1965,5,・ｧ・・・ｰ・・・,1279835
1965,6,・ｱｱ・ｽ｢・・・,1263103
1965,7,・ｦ・・ｳｶ・・・,1983754
1965,8,・・ｨ・・・・・・,2056154
1965,9,・�・・・ｨ・・・,1521656
1965,10,・ｾ､・ｦｬ・・・,1605584
1965,11,・・ｼ・・・・・・,3014983
1965,12,・・・・・・・・・,2701770
1965,13,・・ｱ・ｺｬ・・ｽ,10869244
1965,14,・･・・･・・ｷ・・・・,4430743
1965,15,・・ｰ・ｽ・・・・,2398931
1965,16,・ｯ・・ｱｱ・・・,1025465
1965,17,・・ｳ・ｷ・・・・,980499
1965,18,・ｦ・・ｺ・・・・,750557
1965,19,・ｱｱ・｢ｨ・・・,763194
1965,20,・・ｷ・・・・・・,1958007
1965,21,・ｲ・・・・・・・,1700365
1965,22,・・・・ｲ｡・・・,2912521
1965,23,・・・・・･・・・,4798653
1965,24,・ｸ・・・・・・・,1514467
1965,25,・ｻ・・ｳ・・・,853385
1965,26,・ｺｬ・・ｽ・ｺ・,2102808
1965,27,・､ｧ・・ｪ・ｺ・,6657189
1965,28,・・ｵ・ｺｫ・・・,4309944
1965,29,・･・・・ｯ・・・,825965
1965,30,・・・・ｭ・・ｱｱ・・・,1026975
1965,31,・ｳ･・・・・・・,579853
1965,32,・ｳｶ・�ｹ・・・,821620
1965,33,・ｲ｡・ｱｱ・・・,1645135
1965,34,・ｺ・・ｳｶ・・・,2281146
1965,35,・ｱｱ・・｣・・・,1543573
1965,36,・ｾｳ・ｳｶ・・・,815115
1965,37,・ｦ・・ｷ・・・・,900845
1965,38,・・・・ｪ・・・・,1446384
1965,39,・ｫ・・・･・・・,812714
1965,40,・ｦ・・ｲ｡・・・,3964611
1965,41,・ｽ・・ｳ・・・,871885
1965,42,・・ｷ・ｴ・・・・,1641245
1965,43,・・・・・ｬ・・・,1770736
1965,44,・､ｧ・・・・・・,1187480
1965,45,・ｮｮ・ｴ・・・・,1080692
1965,46,・ｹｿ・・・・ｳｶ・・・,1853541
1965,47,・ｲ・・ｸ・・・・,934176
1966,1,・・・・ｵｷ・・・,5187000
1966,2,・・・・｣ｮ・・・,1418000
1966,3,・ｲｩ・・・・・・,1403000
1966,4,・ｮｮ・・・・・・,1760000
1966,5,・ｧ・・・ｰ・・・,1270000
1966,6,・ｱｱ・ｽ｢・・・,1252000
1966,7,・ｦ・・ｳｶ・・・,1969000
1966,8,・・ｨ・・・・・・,2052000
1966,9,・�・・・ｨ・・・,1523000
1966,10,・ｾ､・ｦｬ・・・,1605000
1966,11,・・ｼ・・・・・・,3161000
1966,12,・・・・・・・・・,2783000
1966,13,・・ｱ・ｺｬ・・ｽ,11018000
1966,14,・･・・･・・ｷ・・・・,4595000
1966,15,・・ｰ・ｽ・・・・,2387000
1966,16,・ｯ・・ｱｱ・・・,1022000
1966,17,・・ｳ・ｷ・・・・,980000
1966,18,・ｦ・・ｺ・・・・,746000
1966,19,・ｱｱ・｢ｨ・・・,761000
1966,20,・・ｷ・・・・・・,1950000
1966,21,・ｲ・・・・・・・,1701000
1966,22,・・・・ｲ｡・・・,2933000
1966,23,・・・・・･・・・,4886000
1966,24,・ｸ・・・・・・・,1514000
1966,25,・ｻ・・ｳ・・・,853000
1966,26,・ｺｬ・・ｽ・ｺ・,2122000
1966,27,・､ｧ・・ｪ・ｺ・,6815000
1966,28,・・ｵ・ｺｫ・・・,4360000
1966,29,・･・・・ｯ・・・,838000
1966,30,・・・・ｭ・・ｱｱ・・・,1028000
1966,31,・ｳ･・・・・・・,575000
1966,32,・ｳｶ・�ｹ・・・,810000
1966,33,・ｲ｡・ｱｱ・・・,1648000
1966,34,・ｺ・・ｳｶ・・・,2301000
1966,35,・ｱｱ・・｣・・・,1532000
1966,36,・ｾｳ・ｳｶ・・・,808000
1966,37,・ｦ・・ｷ・・・・,896000
1966,38,・・・・ｪ・・・・,1437000
1966,39,・ｫ・・・･・・・,805000
1966,40,・ｦ・・ｲ｡・・・,3980000
1966,41,・ｽ・・ｳ・・・,868000
1966,42,・・ｷ・ｴ・・・・,1634000
1966,43,・・・・・ｬ・・・,1762000
1966,44,・､ｧ・・・・・・,1177000
1966,45,・ｮｮ・ｴ・・・・,1078000
1966,46,・ｹｿ・・・・ｳｶ・・・,1836000
1966,47,・ｲ・・ｸ・・・・,
1967,1,・・・・ｵｷ・・・,5205000
1967,2,・・・・｣ｮ・・・,1423000
1967,3,・ｲｩ・・・・・・,1396000
1967,4,・ｮｮ・・・・・・,1774000
1967,5,・ｧ・・・ｰ・・・,1264000
1967,6,・ｱｱ・ｽ｢・・・,1247000
1967,7,・ｦ・・ｳｶ・・・,1963000
1967,8,・・ｨ・・・・・・,2064000
1967,9,・�・・・ｨ・・・,1531000
1967,10,・ｾ､・ｦｬ・・・,1617000
1967,11,・・ｼ・・・・・・,3328000
1967,12,・・・・・・・・・,2903000
1967,13,・・ｱ・ｺｬ・・ｽ,11162000
1967,14,・･・・･・・ｷ・・・・,4800000
1967,15,・・ｰ・ｽ・・・・,2383000
1967,16,・ｯ・・ｱｱ・・・,1022000
1967,17,・・ｳ・ｷ・・・・,985000
1967,18,・ｦ・・ｺ・・・・,745000
1967,19,・ｱｱ・｢ｨ・・・,762000
1967,20,・・ｷ・・・・・・,1949000
1967,21,・ｲ・・・・・・・,1713000
1967,22,・・・・ｲ｡・・・,2973000
1967,23,・・・・・･・・・,4999000
1967,24,・ｸ・・・・・・・,1517000
1967,25,・ｻ・・ｳ・・・,858000
1967,26,・ｺｬ・・ｽ・ｺ・,2154000
1967,27,・､ｧ・・ｪ・ｺ・,7009000
1967,28,・・ｵ・ｺｫ・・・,4425000
1967,29,・･・・・ｯ・・・,856000
1967,30,・・・・ｭ・・ｱｱ・・・,1033000
1967,31,・ｳ･・・・・・・,573000
1967,32,・ｳｶ・�ｹ・・・,801000
1967,33,・ｲ｡・ｱｱ・・・,1660000
1967,34,・ｺ・・ｳｶ・・・,2331000
1967,35,・ｱｱ・・｣・・・,1525000
1967,36,・ｾｳ・ｳｶ・・・,804000
1967,37,・ｦ・・ｷ・・・・,898000
1967,38,・・・・ｪ・・・・,1432000
1967,39,・ｫ・・・･・・・,801000
1967,40,・ｦ・・ｲ｡・・・,3999000
1967,41,・ｽ・・ｳ・・・,865000
1967,42,・・ｷ・ｴ・・・・,1627000
1967,43,・・・・・ｬ・・・,1757000
1967,44,・､ｧ・・・・・・,1171000
1967,45,・ｮｮ・ｴ・・・・,1075000
1967,46,・ｹｿ・・・・ｳｶ・・・,1819000
1967,47,・ｲ・・ｸ・・・・,
1968,1,・・・・ｵｷ・・・,5213000
1968,2,・・・・｣ｮ・・・,1426000
1968,3,・ｲｩ・・・・・・,1390000
1968,4,・ｮｮ・・・・・・,1789000
1968,5,・ｧ・・・ｰ・・・,1256000
1968,6,・ｱｱ・ｽ｢・・・,1240000
1968,7,・ｦ・・ｳｶ・・・,1955000
1968,8,・・ｨ・・・・・・,2079000
1968,9,・�・・・ｨ・・・,1543000
1968,10,・ｾ､・ｦｬ・・・,1629000
1968,11,・・ｼ・・・・・・,3492000
1968,12,・・・・・・・・・,3032000
1968,13,・・ｱ・ｺｬ・・ｽ,11286000
1968,14,・･・・･・・ｷ・・・・,5024000
1968,15,・・ｰ・ｽ・・・・,2376000
1968,16,・ｯ・・ｱｱ・・・,1022000
1968,17,・・ｳ・ｷ・・・・,989000
1968,18,・ｦ・・ｺ・・・・,744000
1968,19,・ｱｱ・｢ｨ・・・,761000
1968,20,・・ｷ・・・・・・,1950000
1968,21,・ｲ・・・・・・・,1723000
1968,22,・・・・ｲ｡・・・,3011000
1968,23,・・・・・･・・・,5124000
1968,24,・ｸ・・・・・・・,1522000
1968,25,・ｻ・・ｳ・・・,865000
1968,26,・ｺｬ・・ｽ・ｺ・,2187000
1968,27,・､ｧ・・ｪ・ｺ・,7213000
1968,28,・・ｵ・ｺｫ・・・,4496000
1968,29,・･・・・ｯ・・・,877000
1968,30,・・・・ｭ・・ｱｱ・・・,1037000
1968,31,・ｳ･・・・・・・,571000
1968,32,・ｳｶ・�ｹ・・・,791000
1968,33,・ｲ｡・ｱｱ・・・,1672000
1968,34,・ｺ・・ｳｶ・・・,2367000
1968,35,・ｱｱ・・｣・・・,1515000
1968,36,・ｾｳ・ｳｶ・・・,798000
1968,37,・ｦ・・ｷ・・・・,899000
1968,38,・・・・ｪ・・・・,1425000
1968,39,・ｫ・・・･・・・,796000
1968,40,・ｦ・・ｲ｡・・・,4009000
1968,41,・ｽ・・ｳ・・・,856000
1968,42,・・ｷ・ｴ・・・・,1613000
1968,43,・・・・・ｬ・・・,1742000
1968,44,・､ｧ・・・・・・,1164000
1968,45,・ｮｮ・ｴ・・・・,1069000
1968,46,・ｹｿ・・・・ｳｶ・・・,1792000
1968,47,・ｲ・・ｸ・・・・,
1969,1,・・・・ｵｷ・・・,5210000
1969,2,・・・・｣ｮ・・・,1429000
1969,3,・ｲｩ・・・・・・,1382000
1969,4,・ｮｮ・・・・・・,1803000
1969,5,・ｧ・・・ｰ・・・,1249000
1969,6,・ｱｱ・ｽ｢・・・,1233000
1969,7,・ｦ・・ｳｶ・・・,1951000
1969,8,・・ｨ・・・・・・,2109000
1969,9,・�・・・ｨ・・・,1559000
1969,10,・ｾ､・ｦｬ・・・,1643000
1969,11,・・ｼ・・・・・・,3670000
1969,12,・・・・・・・・・,3195000
1969,13,・・ｱ・ｺｬ・・ｽ,11367000
1969,14,・･・・･・・ｷ・・・・,5240000
1969,15,・・ｰ・ｽ・・・・,2368000
1969,16,・ｯ・・ｱｱ・・・,1025000
1969,17,・・ｳ・ｷ・・・・,995000
1969,18,・ｦ・・ｺ・・・・,743000
1969,19,・ｱｱ・｢ｨ・・・,762000
1969,20,・・ｷ・・・・・・,1953000
1969,21,・ｲ・・・・・・・,1739000
1969,22,・・・・ｲ｡・・・,3049000
1969,23,・・・・・･・・・,5258000
1969,24,・ｸ・・・・・・・,1532000
1969,25,・ｻ・・ｳ・・・,875000
1969,26,・ｺｬ・・ｽ・ｺ・,2218000
1969,27,・､ｧ・・ｪ・ｺ・,7424000
1969,28,・・ｵ・ｺｫ・・・,4584000
1969,29,・･・・・ｯ・・・,902000
1969,30,・・・・ｭ・・ｱｱ・・・,1040000
1969,31,・ｳ･・・・・・・,570000
1969,32,・ｳｶ・�ｹ・・・,782000
1969,33,・ｲ｡・ｱｱ・・・,1686000
1969,34,・ｺ・・ｳｶ・・・,2403000
1969,35,・ｱｱ・・｣・・・,1513000
1969,36,・ｾｳ・ｳｶ・・・,794000
1969,37,・ｦ・・ｷ・・・・,903000
1969,38,・・・・ｪ・・・・,1421000
1969,39,・ｫ・・・･・・・,791000
1969,40,・ｦ・・ｲ｡・・・,4020000
1969,41,・ｽ・・ｳ・・・,844000
1969,42,・・ｷ・ｴ・・・・,1597000
1969,43,・・・・・ｬ・・・,1725000
1969,44,・､ｧ・・・・・・,1158000
1969,45,・ｮｮ・ｴ・・・・,1062000
1969,46,・ｹｿ・・・・ｳｶ・・・,1762000
1969,47,・ｲ・・ｸ・・・・,
1970,1,・・・・ｵｷ・・・,5184287
1970,2,・・・・｣ｮ・・・,1427520
1970,3,・ｲｩ・・・・・・,1371383
1970,4,・ｮｮ・・・・・・,1819223
1970,5,・ｧ・・・ｰ・・・,1241376
1970,6,・ｱｱ・ｽ｢・・・,1225618
1970,7,・ｦ・・ｳｶ・・・,1946077
1970,8,・・ｨ・・・・・・,2143551
1970,9,・�・・・ｨ・・・,1580021
1970,10,・ｾ､・ｦｬ・・・,1658909
1970,11,・・ｼ・・・・・・,3866472
1970,12,・・・・・・・・・,3366624
1970,13,・・ｱ・ｺｬ・・ｽ,11408071
1970,14,・･・・･・・ｷ・・・・,5472247
1970,15,・・ｰ・ｽ・・・・,2360982
1970,16,・ｯ・・ｱｱ・・・,1029695
1970,17,・・ｳ・ｷ・・・・,1002420
1970,18,・ｦ・・ｺ・・・・,744230
1970,19,・ｱｱ・｢ｨ・・・,762029
1970,20,・・ｷ・・・・・・,1956917
1970,21,・ｲ・・・・・・・,1758954
1970,22,・・・・ｲ｡・・・,3089895
1970,23,・・・・・･・・・,5386163
1970,24,・ｸ・・・・・・・,1543083
1970,25,・ｻ・・ｳ・・・,889768
1970,26,・ｺｬ・・ｽ・ｺ・,2250087
1970,27,・､ｧ・・ｪ・ｺ・,7620480
1970,28,・・ｵ・ｺｫ・・・,4667928
1970,29,・･・・・ｯ・・・,930160
1970,30,・・・・ｭ・・ｱｱ・・・,1042736
1970,31,・ｳ･・・・・・・,568777
1970,32,・ｳｶ・�ｹ・・・,773575
1970,33,・ｲ｡・ｱｱ・・・,1707026
1970,34,・ｺ・・ｳｶ・・・,2436135
1970,35,・ｱｱ・・｣・・・,1511448
1970,36,・ｾｳ・ｳｶ・・・,791111
1970,37,・ｦ・・ｷ・・・・,907897
1970,38,・・・・ｪ・・・・,1418124
1970,39,・ｫ・・・･・・・,786882
1970,40,・ｦ・・ｲ｡・・・,4027416
1970,41,・ｽ・・ｳ・・・,838468
1970,42,・・ｷ・ｴ・・・・,1570245
1970,43,・・・・・ｬ・・・,1700229
1970,44,・､ｧ・・・・・・,1155566
1970,45,・ｮｮ・ｴ・・・・,1051105
1970,46,・ｹｿ・・・・ｳｶ・・・,1729150
1970,47,・ｲ・・ｸ・・・・,945111
1971,1,・・・・ｵｷ・・・,5186000
1971,2,・・・・｣ｮ・・・,1429000
1971,3,・ｲｩ・・・・・・,1366000
1971,4,・ｮｮ・・・・・・,1839000
1971,5,・ｧ・・・ｰ・・・,1234000
1971,6,・ｱｱ・ｽ｢・・・,1219000
1971,7,・ｦ・・ｳｶ・・・,1942000
1971,8,・・ｨ・・・・・・,2180000
1971,9,・�・・・ｨ・・・,1605000
1971,10,・ｾ､・ｦｬ・・・,1676000
1971,11,・・ｼ・・・・・・,4062000
1971,12,・・・・・・・・・,3524000
1971,13,・・ｱ・ｺｬ・・ｽ,11520000
1971,14,・･・・･・・ｷ・・・・,5712000
1971,15,・・ｰ・ｽ・・・・,2357000
1971,16,・ｯ・・ｱｱ・・・,1036000
1971,17,・・ｳ・ｷ・・・・,1012000
1971,18,・ｦ・・ｺ・・・・,748000
1971,19,・ｱｱ・｢ｨ・・・,765000
1971,20,・・ｷ・・・・・・,1966000
1971,21,・ｲ・・・・・・・,1780000
1971,22,・・・・ｲ｡・・・,3137000
1971,23,・・・・・･・・・,5527000
1971,24,・ｸ・・・・・・・,1558000
1971,25,・ｻ・・ｳ・・・,909000
1971,26,・ｺｬ・・ｽ・ｺ・,2281000
1971,27,・､ｧ・・ｪ・ｺ・,7805000
1971,28,・・ｵ・ｺｫ・・・,4740000
1971,29,・･・・・ｯ・・・,959000
1971,30,・・・・ｭ・・ｱｱ・・・,1047000
1971,31,・ｳ･・・・・・・,568000
1971,32,・ｳｶ・�ｹ・・・,767000
1971,33,・ｲ｡・ｱｱ・・・,1732000
1971,34,・ｺ・・ｳｶ・・・,2480000
1971,35,・ｱｱ・・｣・・・,1515000
1971,36,・ｾｳ・ｳｶ・・・,791000
1971,37,・ｦ・・ｷ・・・・,916000
1971,38,・・・・ｪ・・・・,1423000
1971,39,・ｫ・・・･・・・,787000
1971,40,・ｦ・・ｲ｡・・・,4056000
1971,41,・ｽ・・ｳ・・・,831000
1971,42,・・ｷ・ｴ・・・・,1560000
1971,43,・・・・・ｬ・・・,1681000
1971,44,・､ｧ・・・・・・,1163000
1971,45,・ｮｮ・ｴ・・・・,1046000
1971,46,・ｹｿ・・・・ｳｶ・・・,1710000
1971,47,・ｲ・・ｸ・・・・,
1972,1,・・・・ｵｷ・・・,5205000
1972,2,・・・・｣ｮ・・・,1436000
1972,3,・ｲｩ・・・・・・,1366000
1972,4,・ｮｮ・・・・・・,1861000
1972,5,・ｧ・・・ｰ・・・,1230000
1972,6,・ｱｱ・ｽ｢・・・,1215000
1972,7,・ｦ・・ｳｶ・・・,1943000
1972,8,・・ｨ・・・・・・,2210000
1972,9,・�・・・ｨ・・・,1627000
1972,10,・ｾ､・ｦｬ・・・,1695000
1972,11,・・ｼ・・・・・・,4266000
1972,12,・・・・・・・・・,3677000
1972,13,・・ｱ・ｺｬ・・ｽ,11611000
1972,14,・･・・･・・ｷ・・・・,5926000
1972,15,・・ｰ・ｽ・・・・,2358000
1972,16,・ｯ・・ｱｱ・・・,1044000
1972,17,・・ｳ・ｷ・・・・,1024000
1972,18,・ｦ・・ｺ・・・・,753000
1972,19,・ｱｱ・｢ｨ・・・,769000
1972,20,・・ｷ・・・・・・,1977000
1972,21,・ｲ・・・・・・・,1803000
1972,22,・・・・ｲ｡・・・,3180000
1972,23,・・・・・･・・・,5645000
1972,24,・ｸ・・・・・・・,1575000
1972,25,・ｻ・・ｳ・・・,925000
1972,26,・ｺｬ・・ｽ・ｺ・,2323000
1972,27,・､ｧ・・ｪ・ｺ・,7962000
1972,28,・・ｵ・ｺｫ・・・,4813000
1972,29,・･・・・ｯ・・・,993000
1972,30,・・・・ｭ・・ｱｱ・・・,1054000
1972,31,・ｳ･・・・・・・,570000
1972,32,・ｳｶ・�ｹ・・・,764000
1972,33,・ｲ｡・ｱｱ・・・,1753000
1972,34,・ｺ・・ｳｶ・・・,2529000
1972,35,・ｱｱ・・｣・・・,1523000
1972,36,・ｾｳ・ｳｶ・・・,794000
1972,37,・ｦ・・ｷ・・・・,926000
1972,38,・・・・ｪ・・・・,1431000
1972,39,・ｫ・・・･・・・,792000
1972,40,・ｦ・・ｲ｡・・・,4100000
1972,41,・ｽ・・ｳ・・・,827000
1972,42,・・ｷ・ｴ・・・・,1555000
1972,43,・・・・・ｬ・・・,1673000
1972,44,・､ｧ・・・・・・,1167000
1972,45,・ｮｮ・ｴ・・・・,1049000
1972,46,・ｹｿ・・・・ｳｶ・・・,1705000
1972,47,・ｲ・・ｸ・・・・,970000
1973,1,・・・・ｵｷ・・・,5234000
1973,2,・・・・｣ｮ・・・,1444000
1973,3,・ｲｩ・・・・・・,1369000
1973,4,・ｮｮ・・・・・・,1891000
1973,5,・ｧ・・・ｰ・・・,1227000
1973,6,・ｱｱ・ｽ｢・・・,1214000
1973,7,・ｦ・・ｳｶ・・・,1949000
1973,8,・・ｨ・・・・・・,2251000
1973,9,・�・・・ｨ・・・,1653000
1973,10,・ｾ､・ｦｬ・・・,1718000
1973,11,・・ｼ・・・・・・,4475000
1973,12,・・・・・・・・・,3844000
1973,13,・・ｱ・ｺｬ・・ｽ,11639000
1973,14,・･・・･・・ｷ・・・・,6107000
1973,15,・・ｰ・ｽ・・・・,2365000
1973,16,・ｯ・・ｱｱ・・・,1053000
1973,17,・・ｳ・ｷ・・・・,1040000
1973,18,・ｦ・・ｺ・・・・,761000
1973,19,・ｱｱ・｢ｨ・・・,773000
1973,20,・・ｷ・・・・・・,1991000
1973,21,・ｲ・・・・・・・,1826000
1973,22,・・・・ｲ｡・・・,3230000
1973,23,・・・・・･・・・,5757000
1973,24,・ｸ・・・・・・・,1592000
1973,25,・ｻ・・ｳ・・・,944000
1973,26,・ｺｬ・・ｽ・ｺ・,2364000
1973,27,・､ｧ・・ｪ・ｺ・,8083000
1973,28,・・ｵ・ｺｫ・・・,4880000
1973,29,・･・・・ｯ・・・,1029000
1973,30,・・・・ｭ・・ｱｱ・・・,1060000
1973,31,・ｳ･・・・・・・,573000
1973,32,・ｳｶ・�ｹ・・・,766000
1973,33,・ｲ｡・ｱｱ・・・,1772000
1973,34,・ｺ・・ｳｶ・・・,2577000
1973,35,・ｱｱ・・｣・・・,1532000
1973,36,・ｾｳ・ｳｶ・・・,797000
1973,37,・ｦ・・ｷ・・・・,938000
1973,38,・・・・ｪ・・・・,1440000
1973,39,・ｫ・・・･・・・,798000
1973,40,・ｦ・・ｲ｡・・・,4156000
1973,41,・ｽ・・ｳ・・・,827000
1973,42,・・ｷ・ｴ・・・・,1554000
1973,43,・・・・・ｬ・・・,1681000
1973,44,・､ｧ・・・・・・,1171000
1973,45,・ｮｮ・ｴ・・・・,1057000
1973,46,・ｹｿ・・・・ｳｶ・・・,1708000
1973,47,・ｲ・・ｸ・・・・,995000
1974,1,・・・・ｵｷ・・・,5283000
1974,2,・・・・｣ｮ・・・,1454000
1974,3,・ｲｩ・・・・・・,1375000
1974,4,・ｮｮ・・・・・・,1924000
1974,5,・ｧ・・・ｰ・・・,1228000
1974,6,・ｱｱ・ｽ｢・・・,1216000
1974,7,・ｦ・・ｳｶ・・・,1960000
1974,8,・・ｨ・・・・・・,2298000
1974,9,・�・・・ｨ・・・,1678000
1974,10,・ｾ､・ｦｬ・・・,1740000
1974,11,・・ｼ・・・・・・,4658000
1974,12,・・・・・・・・・,4007000
1974,13,・・ｱ・ｺｬ・・ｽ,11647000
1974,14,・･・・･・・ｷ・・・・,6264000
1974,15,・・ｰ・ｽ・・・・,2377000
1974,16,・ｯ・・ｱｱ・・・,1063000
1974,17,・・ｳ・ｷ・・・・,1056000
1974,18,・ｦ・・ｺ・・・・,768000
1974,19,・ｱｱ・｢ｨ・・・,778000
1974,20,・・ｷ・・・・・・,2006000
1974,21,・ｲ・・・・・・・,1848000
1974,22,・・・・ｲ｡・・・,3273000
1974,23,・・・・・･・・・,5851000
1974,24,・ｸ・・・・・・・,1610000
1974,25,・ｻ・・ｳ・・・,966000
1974,26,・ｺｬ・・ｽ・ｺ・,2396000
1974,27,・､ｧ・・ｪ・ｺ・,8190000
1974,28,・・ｵ・ｺｫ・・・,4941000
1974,29,・･・・・ｯ・・・,1056000
1974,30,・・・・ｭ・・ｱｱ・・・,1066000
1974,31,・ｳ･・・・・・・,578000
1974,32,・ｳｶ・�ｹ・・・,767000
1974,33,・ｲ｡・ｱｱ・・・,1795000
1974,34,・ｺ・・ｳｶ・・・,2615000
1974,35,・ｱｱ・・｣・・・,1542000
1974,36,・ｾｳ・ｳｶ・・・,801000
1974,37,・ｦ・・ｷ・・・・,951000
1974,38,・・・・ｪ・・・・,1452000
1974,39,・ｫ・・・･・・・,802000
1974,40,・ｦ・・ｲ｡・・・,4215000
1974,41,・ｽ・・ｳ・・・,832000
1974,42,・・ｷ・ｴ・・・・,1562000
1974,43,・・・・・ｬ・・・,1697000
1974,44,・､ｧ・・・・・・,1179000
1974,45,・ｮｮ・ｴ・・・・,1072000
1974,46,・ｹｿ・・・・ｳｶ・・・,1714000
1974,47,・ｲ・・ｸ・・・・,1021000
1975,1,・・・・ｵｷ・・・,5338206
1975,2,・・・・｣ｮ・・・,1468646
1975,3,・ｲｩ・・・・・・,1385563
1975,4,・ｮｮ・・・・・・,1955267
1975,5,・ｧ・・・ｰ・・・,1232481
1975,6,・ｱｱ・ｽ｢・・・,1220302
1975,7,・ｦ・・ｳｶ・・・,1970616
1975,8,・・ｨ・・・・・・,2342198
1975,9,・�・・・ｨ・・・,1698003
1975,10,・ｾ､・ｦｬ・・・,1756480
1975,11,・・ｼ・・・・・・,4821340
1975,12,・・・・・・・・・,4149147
1975,13,・・ｱ・ｺｬ・・ｽ,11673554
1975,14,・･・・･・・ｷ・・・・,6397748
1975,15,・・ｰ・ｽ・・・・,2391938
1975,16,・ｯ・・ｱｱ・・・,1070791
1975,17,・・ｳ・ｷ・・・・,1069872
1975,18,・ｦ・・ｺ・・・・,773599
1975,19,・ｱｱ・｢ｨ・・・,783050
1975,20,・・ｷ・・・・・・,2017564
1975,21,・ｲ・・・・・・・,1867978
1975,22,・・・・ｲ｡・・・,3308799
1975,23,・・・・・･・・・,5923569
1975,24,・ｸ・・・・・・・,1626002
1975,25,・ｻ・・ｳ・・・,985621
1975,26,・ｺｬ・・ｽ・ｺ・,2424856
1975,27,・､ｧ・・ｪ・ｺ・,8278925
1975,28,・・ｵ・ｺｫ・・・,4992140
1975,29,・･・・・ｯ・・・,1077491
1975,30,・・・・ｭ・・ｱｱ・・・,1072118
1975,31,・ｳ･・・・・・・,581311
1975,32,・ｳｶ・�ｹ・・・,768886
1975,33,・ｲ｡・ｱｱ・・・,1814305
1975,34,・ｺ・・ｳｶ・・・,2646324
1975,35,・ｱｱ・・｣・・・,1555218
1975,36,・ｾｳ・ｳｶ・・・,805166
1975,37,・ｦ・・ｷ・・・・,961292
1975,38,・・・・ｪ・・・・,1465215
1975,39,・ｫ・・・･・・・,808397
1975,40,・ｦ・・ｲ｡・・・,4292963
1975,41,・ｽ・・ｳ・・・,837674
1975,42,・・ｷ・ｴ・・・・,1571912
1975,43,・・・・・ｬ・・・,1715273
1975,44,・､ｧ・・・・・・,1190314
1975,45,・ｮｮ・ｴ・・・・,1085055
1975,46,・ｹｿ・・・・ｳｶ・・・,1723902
1975,47,・ｲ・・ｸ・・・・,1042572
1976,1,・・・・ｵｷ・・・,5395000
1976,2,・・・・｣ｮ・・・,1484000
1976,3,・ｲｩ・・・・・・,1395000
1976,4,・ｮｮ・・・・・・,1984000
1976,5,・ｧ・・・ｰ・・・,1239000
1976,6,・ｱｱ・ｽ｢・・・,1227000
1976,7,・ｦ・・ｳｶ・・・,1984000
1976,8,・・ｨ・・・・・・,2380000
1976,9,・�・・・ｨ・・・,1717000
1976,10,・ｾ､・ｦｬ・・・,1778000
1976,11,・・ｼ・・・・・・,4964000
1976,12,・・・・・・・・・,4267000
1976,13,・・ｱ・ｺｬ・・ｽ,11674000
1976,14,・･・・･・・ｷ・・・・,6510000
1976,15,・・ｰ・ｽ・・・・,2406000
1976,16,・ｯ・・ｱｱ・・・,1079000
1976,17,・・ｳ・ｷ・・・・,1082000
1976,18,・ｦ・・ｺ・・・・,779000
1976,19,・ｱｱ・｢ｨ・・・,787000
1976,20,・・ｷ・・・・・・,2033000
1976,21,・ｲ・・・・・・・,1889000
1976,22,・・・・ｲ｡・・・,3341000
1976,23,・・・・・･・・・,5988000
1976,24,・ｸ・・・・・・・,1638000
1976,25,・ｻ・・ｳ・・・,1006000
1976,26,・ｺｬ・・ｽ・ｺ・,2452000
1976,27,・､ｧ・・ｪ・ｺ・,8330000
1976,28,・・ｵ・ｺｫ・・・,5029000
1976,29,・･・・・ｯ・・・,1098000
1976,30,・・・・ｭ・・ｱｱ・・・,1077000
1976,31,・ｳ･・・・・・・,586000
1976,32,・ｳｶ・�ｹ・・・,771000
1976,33,・ｲ｡・ｱｱ・・・,1829000
1976,34,・ｺ・・ｳｶ・・・,2670000
1976,35,・ｱｱ・・｣・・・,1564000
1976,36,・ｾｳ・ｳｶ・・・,809000
1976,37,・ｦ・・ｷ・・・・,970000
1976,38,・・・・ｪ・・・・,1476000
1976,39,・ｫ・・・･・・・,814000
1976,40,・ｦ・・ｲ｡・・・,4353000
1976,41,・ｽ・・ｳ・・・,842000
1976,42,・・ｷ・ｴ・・・・,1576000
1976,43,・・・・・ｬ・・・,1731000
1976,44,・､ｧ・・・・・・,1199000
1976,45,・ｮｮ・ｴ・・・・,1100000
1976,46,・ｹｿ・・・・ｳｶ・・・,1735000
1976,47,・ｲ・・ｸ・・・・,1058000
1977,1,・・・・ｵｷ・・・,5443000
1977,2,・・・・｣ｮ・・・,1496000
1977,3,・ｲｩ・・・・・・,1401000
1977,4,・ｮｮ・・・・・・,2008000
1977,5,・ｧ・・・ｰ・・・,1245000
1977,6,・ｱｱ・ｽ｢・・・,1234000
1977,7,・ｦ・・ｳｶ・・・,1998000
1977,8,・・ｨ・・・・・・,2417000
1977,9,・�・・・ｨ・・・,1736000
1977,10,・ｾ､・ｦｬ・・・,1799000
1977,11,・・ｼ・・・・・・,5091000
1977,12,・・・・・・・・・,4382000
1977,13,・・ｱ・ｺｬ・・ｽ,11669000
1977,14,・･・・･・・ｷ・・・・,6616000
1977,15,・・ｰ・ｽ・・・・,2417000
1977,16,・ｯ・・ｱｱ・・・,1085000
1977,17,・・ｳ・ｷ・・・・,1091000
1977,18,・ｦ・・ｺ・・・・,783000
1977,19,・ｱｱ・｢ｨ・・・,792000
1977,20,・・ｷ・・・・・・,2048000
1977,21,・ｲ・・・・・・・,1909000
1977,22,・・・・ｲ｡・・・,3368000
1977,23,・・・・・･・・・,6052000
1977,24,・ｸ・・・・・・・,1649000
1977,25,・ｻ・・ｳ・・・,1026000
1977,26,・ｺｬ・・ｽ・ｺ・,2474000
1977,27,・､ｧ・・ｪ・ｺ・,8373000
1977,28,・・ｵ・ｺｫ・・・,5063000
1977,29,・･・・・ｯ・・・,1124000
1977,30,・・・・ｭ・・ｱｱ・・・,1080000
1977,31,・ｳ･・・・・・・,591000
1977,32,・ｳｶ・�ｹ・・・,775000
1977,33,・ｲ｡・ｱｱ・・・,1840000
1977,34,・ｺ・・ｳｶ・・・,2689000
1977,35,・ｱｱ・・｣・・・,1573000
1977,36,・ｾｳ・ｳｶ・・・,813000
1977,37,・ｦ・・ｷ・・・・,979000
1977,38,・・・・ｪ・・・・,1486000
1977,39,・ｫ・・・･・・・,819000
1977,40,・ｦ・・ｲ｡・・・,4411000
1977,41,・ｽ・・ｳ・・・,848000
1977,42,・・ｷ・ｴ・・・・,1582000
1977,43,・・・・・ｬ・・・,1747000
1977,44,・､ｧ・・・・・・,1207000
1977,45,・ｮｮ・ｴ・・・・,1114000
1977,46,・ｹｿ・・・・ｳｶ・・・,1747000
1977,47,・ｲ・・ｸ・・・・,1071000
1978,1,・・・・ｵｷ・・・,5490000
1978,2,・・・・｣ｮ・・・,1507000
1978,3,・ｲｩ・・・・・・,1409000
1978,4,・ｮｮ・・・・・・,2032000
1978,5,・ｧ・・・ｰ・・・,1250000
1978,6,・ｱｱ・ｽ｢・・・,1241000
1978,7,・ｦ・・ｳｶ・・・,2012000
1978,8,・・ｨ・・・・・・,2463000
1978,9,・�・・・ｨ・・・,1753000
1978,10,・ｾ､・ｦｬ・・・,1817000
1978,11,・・ｼ・・・・・・,5208000
1978,12,・・・・・・・・・,4508000
1978,13,・・ｱ・ｺｬ・・ｽ,11659000
1978,14,・･・・･・・ｷ・・・・,6728000
1978,15,・・ｰ・ｽ・・・・,2428000
1978,16,・ｯ・・ｱｱ・・・,1092000
1978,17,・・ｳ・ｷ・・・・,1100000
1978,18,・ｦ・・ｺ・・・・,787000
1978,19,・ｱｱ・｢ｨ・・・,796000
1978,20,・・ｷ・・・・・・,2062000
1978,21,・ｲ・・・・・・・,1927000
1978,22,・・・・ｲ｡・・・,3396000
1978,23,・・・・・･・・・,6115000
1978,24,・ｸ・・・・・・・,1661000
1978,25,・ｻ・・ｳ・・・,1043000
1978,26,・ｺｬ・・ｽ・ｺ・,2494000
1978,27,・､ｧ・・ｪ・ｺ・,8412000
1978,28,・・ｵ・ｺｫ・・・,5093000
1978,29,・･・・・ｯ・・・,1152000
1978,30,・・・・ｭ・・ｱｱ・・・,1084000
1978,31,・ｳ･・・・・・・,595000
1978,32,・ｳｶ・�ｹ・・・,779000
1978,33,・ｲ｡・ｱｱ・・・,1850000
1978,34,・ｺ・・ｳｶ・・・,2703000
1978,35,・ｱｱ・・｣・・・,1579000
1978,36,・ｾｳ・ｳｶ・・・,818000
1978,37,・ｦ・・ｷ・・・・,986000
1978,38,・・・・ｪ・・・・,1493000
1978,39,・ｫ・・・･・・・,824000
1978,40,・ｦ・・ｲ｡・・・,4460000
1978,41,・ｽ・・ｳ・・・,854000
1978,42,・・ｷ・ｴ・・・・,1587000
1978,43,・・・・・ｬ・・・,1763000
1978,44,・､ｧ・・・・・・,1215000
1978,45,・ｮｮ・ｴ・・・・,1127000
1978,46,・ｹｿ・・・・ｳｶ・・・,1760000
1978,47,・ｲ・・ｸ・・・・,1081000
1979,1,・・・・ｵｷ・・・,5535000
1979,2,・・・・｣ｮ・・・,1516000
1979,3,・ｲｩ・・・・・・,1416000
1979,4,・ｮｮ・・・・・・,2059000
1979,5,・ｧ・・・ｰ・・・,1254000
1979,6,・ｱｱ・ｽ｢・・・,1247000
1979,7,・ｦ・・ｳｶ・・・,2023000
1979,8,・・ｨ・・・・・・,2510000
1979,9,・�・・・ｨ・・・,1775000
1979,10,・ｾ､・ｦｬ・・・,1833000
1979,11,・・ｼ・・・・・・,5318000
1979,12,・・・・・・・・・,4626000
1979,13,・・ｱ・ｺｬ・・ｽ,11637000
1979,14,・･・・･・・ｷ・・・・,6832000
1979,15,・・ｰ・ｽ・・・・,2439000
1979,16,・ｯ・・ｱｱ・・・,1098000
1979,17,・・ｳ・ｷ・・・・,1110000
1979,18,・ｦ・・ｺ・・・・,791000
1979,19,・ｱｱ・｢ｨ・・・,800000
1979,20,・・ｷ・・・・・・,2074000
1979,21,・ｲ・・・・・・・,1943000
1979,22,・・・・ｲ｡・・・,3423000
1979,23,・・・・・･・・・,6171000
1979,24,・ｸ・・・・・・・,1672000
1979,25,・ｻ・・ｳ・・・,1061000
1979,26,・ｺｬ・・ｽ・ｺ・,2512000
1979,27,・､ｧ・・ｪ・ｺ・,8445000
1979,28,・・ｵ・ｺｫ・・・,5119000
1979,29,・･・・・ｯ・・・,1181000
1979,30,・・・・ｭ・・ｱｱ・・・,1086000
1979,31,・ｳ･・・・・・・,600000
1979,32,・ｳｶ・�ｹ・・・,782000
1979,33,・ｲ｡・ｱｱ・・・,1861000
1979,34,・ｺ・・ｳｶ・・・,2717000
1979,35,・ｱｱ・・｣・・・,1583000
1979,36,・ｾｳ・ｳｶ・・・,822000
1979,37,・ｦ・・ｷ・・・・,993000
1979,38,・・・・ｪ・・・・,1500000
1979,39,・ｫ・・・･・・・,829000
1979,40,・ｦ・・ｲ｡・・・,4506000
1979,41,・ｽ・・ｳ・・・,860000
1979,42,・・ｷ・ｴ・・・・,1588000
1979,43,・・・・・ｬ・・・,1777000
1979,44,・､ｧ・・・・・・,1223000
1979,45,・ｮｮ・ｴ・・・・,1141000
1979,46,・ｹｿ・・・・ｳｶ・・・,1773000
1979,47,・ｲ・・ｸ・・・・,1094000
1980,1,・・・・ｵｷ・・・,5575989
1980,2,・・・・｣ｮ・・・,1523907
1980,3,・ｲｩ・・・・・・,1421927
1980,4,・ｮｮ・・・・・・,2082320
1980,5,・ｧ・・・ｰ・・・,1256745
1980,6,・ｱｱ・ｽ｢・・・,1251917
1980,7,・ｦ・・ｳｶ・・・,2035272
1980,8,・・ｨ・・・・・・,2558007
1980,9,・�・・・ｨ・・・,1792201
1980,10,・ｾ､・ｦｬ・・・,1848562
1980,11,・・ｼ・・・・・・,5420480
1980,12,・・・・・・・・・,4735424
1980,13,・・ｱ・ｺｬ・・ｽ,11618281
1980,14,・･・・･・・ｷ・・・・,6924348
1980,15,・・ｰ・ｽ・・・・,2451357
1980,16,・ｯ・・ｱｱ・・・,1103459
1980,17,・・ｳ・ｷ・・・・,1119304
1980,18,・ｦ・・ｺ・・・・,794354
1980,19,・ｱｱ・｢ｨ・・・,804256
1980,20,・・ｷ・・・・・・,2083934
1980,21,・ｲ・・・・・・・,1960107
1980,22,・・・・ｲ｡・・・,3446804
1980,23,・・・・・･・・・,6221638
1980,24,・ｸ・・・・・・・,1686936
1980,25,・ｻ・・ｳ・・・,1079898
1980,26,・ｺｬ・・ｽ・ｺ・,2527330
1980,27,・､ｧ・・ｪ・ｺ・,8473446
1980,28,・・ｵ・ｺｫ・・・,5144892
1980,29,・･・・・ｯ・・・,1209365
1980,30,・・・・ｭ・・ｱｱ・・・,1087012
1980,31,・ｳ･・・・・・・,604221
1980,32,・ｳｶ・�ｹ・・・,784795
1980,33,・ｲ｡・ｱｱ・・・,1871023
1980,34,・ｺ・・ｳｶ・・・,2739161
1980,35,・ｱｱ・・｣・・・,1587079
1980,36,・ｾｳ・ｳｶ・・・,825261
1980,37,・ｦ・・ｷ・・・・,999864
1980,38,・・・・ｪ・・・・,1506637
1980,39,・ｫ・・・･・・・,831275
1980,40,・ｦ・・ｲ｡・・・,4553461
1980,41,・ｽ・・ｳ・・・,865574
1980,42,・・ｷ・ｴ・・・・,1590564
1980,43,・・・・・ｬ・・・,1790327
1980,44,・､ｧ・・・・・・,1228913
1980,45,・ｮｮ・ｴ・・・・,1151587
1980,46,・ｹｿ・・・・ｳｶ・・・,1784623
1980,47,・ｲ・・ｸ・・・・,1106559
1981,1,・・・・ｵｷ・・・,5605000
1981,2,・・・・｣ｮ・・・,1526000
1981,3,・ｲｩ・・・・・・,1426000
1981,4,・ｮｮ・・・・・・,2104000
1981,5,・ｧ・・・ｰ・・・,1259000
1981,6,・ｱｱ・ｽ｢・・・,1255000
1981,7,・ｦ・・ｳｶ・・・,2043000
1981,8,・・ｨ・・・・・・,2595000
1981,9,・�・・・ｨ・・・,1807000
1981,10,・ｾ､・ｦｬ・・・,1864000
1981,11,・・ｼ・・・・・・,5520000
1981,12,・・・・・・・・・,4834000
1981,13,・・ｱ・ｺｬ・・ｽ,11626000
1981,14,・･・・･・・ｷ・・・・,7022000
1981,15,・・ｰ・ｽ・・・・,2459000
1981,16,・ｯ・・ｱｱ・・・,1106000
1981,17,・・ｳ・ｷ・・・・,1127000
1981,18,・ｦ・・ｺ・・・・,798000
1981,19,・ｱｱ・｢ｨ・・・,809000
1981,20,・・ｷ・・・・・・,2093000
1981,21,・ｲ・・・・・・・,1975000
1981,22,・・・・ｲ｡・・・,3472000
1981,23,・・・・・･・・・,6266000
1981,24,・ｸ・・・・・・・,1702000
1981,25,・ｻ・・ｳ・・・,1097000
1981,26,・ｺｬ・・ｽ・ｺ・,2539000
1981,27,・､ｧ・・ｪ・ｺ・,8509000
1981,28,・・ｵ・ｺｫ・・・,5171000
1981,29,・･・・・ｯ・・・,1233000
1981,30,・・・・ｭ・・ｱｱ・・・,1088000
1981,31,・ｳ･・・・・・・,607000
1981,32,・ｳｶ・�ｹ・・・,787000
1981,33,・ｲ｡・ｱｱ・・・,1881000
1981,34,・ｺ・・ｳｶ・・・,2761000
1981,35,・ｱｱ・・｣・・・,1592000
1981,36,・ｾｳ・ｳｶ・・・,827000
1981,37,・ｦ・・ｷ・・・・,1005000
1981,38,・・・・ｪ・・・・,1512000
1981,39,・ｫ・・・･・・・,833000
1981,40,・ｦ・・ｲ｡・・・,4594000
1981,41,・ｽ・・ｳ・・・,869000
1981,42,・・ｷ・ｴ・・・・,1594000
1981,43,・・・・・ｬ・・・,1802000
1981,44,・､ｧ・・・・・・,1234000
1981,45,・ｮｮ・ｴ・・・・,1158000
1981,46,・ｹｿ・・・・ｳｶ・・・,1794000
1981,47,・ｲ・・ｸ・・・・,1119000
1982,1,・・・・ｵｷ・・・,5630000
1982,2,・・・・｣ｮ・・・,1527000
1982,3,・ｲｩ・・・・・・,1429000
1982,4,・ｮｮ・・・・・・,2125000
1982,5,・ｧ・・・ｰ・・・,1258000
1982,6,・ｱｱ・ｽ｢・・・,1257000
1982,7,・ｦ・・ｳｶ・・・,2052000
1982,8,・・ｨ・・・・・・,2636000
1982,9,・�・・・ｨ・・・,1822000
1982,10,・ｾ､・ｦｬ・・・,1879000
1982,11,・・ｼ・・・・・・,5615000
1982,12,・・・・・・・・・,4923000
1982,13,・・ｱ・ｺｬ・・ｽ,11650000
1982,14,・･・・･・・ｷ・・・・,7127000
1982,15,・・ｰ・ｽ・・・・,2465000
1982,16,・ｯ・・ｱｱ・・・,1110000
1982,17,・・ｳ・ｷ・・・・,1134000
1982,18,・ｦ・・ｺ・・・・,803000
1982,19,・ｱｱ・｢ｨ・・・,813000
1982,20,・・ｷ・・・・・・,2102000
1982,21,・ｲ・・・・・・・,1990000
1982,22,・・・・ｲ｡・・・,3498000
1982,23,・・・・・･・・・,6309000
1982,24,・ｸ・・・・・・・,1716000
1982,25,・ｻ・・ｳ・・・,1112000
1982,26,・ｺｬ・・ｽ・ｺ・,2553000
1982,27,・､ｧ・・ｪ・ｺ・,8543000
1982,28,・・ｵ・ｺｫ・・・,5198000
1982,29,・･・・・ｯ・・・,1254000
1982,30,・・・・ｭ・・ｱｱ・・・,1090000
1982,31,・ｳ･・・・・・・,610000
1982,32,・ｳｶ・�ｹ・・・,790000
1982,33,・ｲ｡・ｱｱ・・・,1891000
1982,34,・ｺ・・ｳｶ・・・,2777000
1982,35,・ｱｱ・・｣・・・,1597000
1982,36,・ｾｳ・ｳｶ・・・,830000
1982,37,・ｦ・・ｷ・・・・,1010000
1982,38,・・・・ｪ・・・・,1517000
1982,39,・ｫ・・・･・・・,836000
1982,40,・ｦ・・ｲ｡・・・,4632000
1982,41,・ｽ・・ｳ・・・,873000
1982,42,・・ｷ・ｴ・・・・,1595000
1982,43,・・・・・ｬ・・・,1811000
1982,44,・､ｧ・・・・・・,1239000
1982,45,・ｮｮ・ｴ・・・・,1166000
1982,46,・ｹｿ・・・・ｳｶ・・・,1801000
1982,47,・ｲ・・ｸ・・・・,1132000
1983,1,・・・・ｵｷ・・・,5656000
1983,2,・・・・｣ｮ・・・,1528000
1983,3,・ｲｩ・・・・・・,1432000
1983,4,・ｮｮ・・・・・・,2144000
1983,5,・ｧ・・・ｰ・・・,1256000
1983,6,・ｱｱ・ｽ｢・・・,1258000
1983,7,・ｦ・・ｳｶ・・・,2061000
1983,8,・・ｨ・・・・・・,2670000
1983,9,・�・・・ｨ・・・,1835000
1983,10,・ｾ､・ｦｬ・・・,1893000
1983,11,・・ｼ・・・・・・,5700000
1983,12,・・・・・・・・・,5005000
1983,13,・・ｱ・ｺｬ・・ｽ,11700000
1983,14,・･・・･・・ｷ・・・・,7227000
1983,15,・・ｰ・ｽ・・・・,2469000
1983,16,・ｯ・・ｱｱ・・・,1113000
1983,17,・・ｳ・ｷ・・・・,1141000
1983,18,・ｦ・・ｺ・・・・,809000
1983,19,・ｱｱ・｢ｨ・・・,820000
1983,20,・・ｷ・・・・・・,2112000
1983,21,・ｲ・・・・・・・,2004000
1983,22,・・・・ｲ｡・・・,3522000
1983,23,・・・・・･・・・,6353000
1983,24,・ｸ・・・・・・・,1728000
1983,25,・ｻ・・ｳ・・・,1127000
1983,26,・ｺｬ・・ｽ・ｺ・,2569000
1983,27,・､ｧ・・ｪ・ｺ・,8588000
1983,28,・・ｵ・ｺｫ・・・,5227000
1983,29,・･・・・ｯ・・・,1273000
1983,30,・・・・ｭ・・ｱｱ・・・,1090000
1983,31,・ｳ･・・・・・・,612000
1983,32,・ｳｶ・�ｹ・・・,790000
1983,33,・ｲ｡・ｱｱ・・・,1901000
1983,34,・ｺ・・ｳｶ・・・,2793000
1983,35,・ｱｱ・・｣・・・,1600000
1983,36,・ｾｳ・ｳｶ・・・,831000
1983,37,・ｦ・・ｷ・・・・,1014000
1983,38,・・・・ｪ・・・・,1522000
1983,39,・ｫ・・・･・・・,838000
1983,40,・ｦ・・ｲ｡・・・,4667000
1983,41,・ｽ・・ｳ・・・,876000
1983,42,・・ｷ・ｴ・・・・,1596000
1983,43,・・・・・ｬ・・・,1820000
1983,44,・､ｧ・・・・・・,1243000
1983,45,・ｮｮ・ｴ・・・・,1170000
1983,46,・ｹｿ・・・・ｳｶ・・・,1807000
1983,47,・ｲ・・ｸ・・・・,1146000
1984,1,・・・・ｵｷ・・・,5672000
1984,2,・・・・｣ｮ・・・,1527000
1984,3,・ｲｩ・・・・・・,1433000
1984,4,・ｮｮ・・・・・・,2161000
1984,5,・ｧ・・・ｰ・・・,1255000
1984,6,・ｱｱ・ｽ｢・・・,1260000
1984,7,・ｦ・・ｳｶ・・・,2071000
1984,8,・・ｨ・・・・・・,2698000
1984,9,・�・・・ｨ・・・,1850000
1984,10,・ｾ､・ｦｬ・・・,1908000
1984,11,・・ｼ・・・・・・,5784000
1984,12,・・・・・・・・・,5079000
1984,13,・・ｱ・ｺｬ・・ｽ,11759000
1984,14,・･・・･・・ｷ・・・・,7328000
1984,15,・・ｰ・ｽ・・・・,2474000
1984,16,・ｯ・・ｱｱ・・・,1116000
1984,17,・・ｳ・ｷ・・・・,1147000
1984,18,・ｦ・・ｺ・・・・,813000
1984,19,・ｱｱ・｢ｨ・・・,826000
1984,20,・・ｷ・・・・・・,2125000
1984,21,・ｲ・・・・・・・,2017000
1984,22,・・・・ｲ｡・・・,3547000
1984,23,・・・・・･・・・,6401000
1984,24,・ｸ・・・・・・・,1737000
1984,25,・ｻ・・ｳ・・・,1141000
1984,26,・ｺｬ・・ｽ・ｺ・,2578000
1984,27,・､ｧ・・ｪ・ｺ・,8632000
1984,28,・・ｵ・ｺｫ・・・,5252000
1984,29,・･・・・ｯ・・・,1290000
1984,30,・・・・ｭ・・ｱｱ・・・,1088000
1984,31,・ｳ･・・・・・・,614000
1984,32,・ｳｶ・�ｹ・・・,793000
1984,33,・ｲ｡・ｱｱ・・・,1909000
1984,34,・ｺ・・ｳｶ・・・,2807000
1984,35,・ｱｱ・・｣・・・,1601000
1984,36,・ｾｳ・ｳｶ・・・,834000
1984,37,・ｦ・・ｷ・・・・,1018000
1984,38,・・・・ｪ・・・・,1526000
1984,39,・ｫ・・・･・・・,839000
1984,40,・ｦ・・ｲ｡・・・,4697000
1984,41,・ｽ・・ｳ・・・,878000
1984,42,・・ｷ・ｴ・・・・,1595000
1984,43,・・・・・ｬ・・・,1830000
1984,44,・､ｧ・・・・・・,1248000
1984,45,・ｮｮ・ｴ・・・・,1173000
1984,46,・ｹｿ・・・・ｳｶ・・・,1814000
1984,47,・ｲ・・ｸ・・・・,1161000
1985,1,・・・・ｵｷ・・・,5679439
1985,2,・・・・｣ｮ・・・,1524448
1985,3,・ｲｩ・・・・・・,1433611
1985,4,・ｮｮ・・・・・・,2176295
1985,5,・ｧ・・・ｰ・・・,1254032
1985,6,・ｱｱ・ｽ｢・・・,1261662
1985,7,・ｦ・・ｳｶ・・・,2080304
1985,8,・・ｨ・・・・・・,2725005
1985,9,・�・・・ｨ・・・,1866066
1985,10,・ｾ､・ｦｬ・・・,1921259
1985,11,・・ｼ・・・・・・,5863678
1985,12,・・・・・・・・・,5148163
1985,13,・・ｱ・ｺｬ・・ｽ,11829363
1985,14,・･・・･・・ｷ・・・・,7431974
1985,15,・・ｰ・ｽ・・・・,2478470
1985,16,・ｯ・・ｱｱ・・・,1118369
1985,17,・・ｳ・ｷ・・・・,1152325
1985,18,・ｦ・・ｺ・・・・,817633
1985,19,・ｱｱ・｢ｨ・・・,832832
1985,20,・・ｷ・・・・・・,2136927
1985,21,・ｲ・・・・・・・,2028536
1985,22,・・・・ｲ｡・・・,3574692
1985,23,・・・・・･・・・,6455172
1985,24,・ｸ・・・・・・・,1747311
1985,25,・ｻ・・ｳ・・・,1155844
1985,26,・ｺｬ・・ｽ・ｺ・,2586574
1985,27,・､ｧ・・ｪ・ｺ・,8668095
1985,28,・・ｵ・ｺｫ・・・,5278050
1985,29,・･・・・ｯ・・・,1304866
1985,30,・・・・ｭ・・ｱｱ・・・,1087206
1985,31,・ｳ･・・・・・・,616024
1985,32,・ｳｶ・�ｹ・・・,794629
1985,33,・ｲ｡・ｱｱ・・・,1916906
1985,34,・ｺ・・ｳｶ・・・,2819200
1985,35,・ｱｱ・・｣・・・,1601627
1985,36,・ｾｳ・ｳｶ・・・,834889
1985,37,・ｦ・・ｷ・・・・,1022569
1985,38,・・・・ｪ・・・・,1529983
1985,39,・ｫ・・・･・・・,839784
1985,40,・ｦ・・ｲ｡・・・,4719259
1985,41,・ｽ・・ｳ・・・,880013
1985,42,・・ｷ・ｴ・・・・,1593968
1985,43,・・・・・ｬ・・・,1837747
1985,44,・､ｧ・・・・・・,1250214
1985,45,・ｮｮ・ｴ・・・・,1175543
1985,46,・ｹｿ・・・・ｳｶ・・・,1819270
1985,47,・ｲ・・ｸ・・・・,1179097
1986,1,・・・・ｵｷ・・・,5673000
1986,2,・・・・｣ｮ・・・,1517000
1986,3,・ｲｩ・・・・・・,1431000
1986,4,・ｮｮ・・・・・・,2190000
1986,5,・ｧ・・・ｰ・・・,1249000
1986,6,・ｱｱ・ｽ｢・・・,1262000
1986,7,・ｦ・・ｳｶ・・・,2085000
1986,8,・・ｨ・・・・・・,2746000
1986,9,・�・・・ｨ・・・,1880000
1986,10,・ｾ､・ｦｬ・・・,1931000
1986,11,・・ｼ・・・・・・,5954000
1986,12,・・・・・・・・・,5219000
1986,13,・・ｱ・ｺｬ・・ｽ,11888000
1986,14,・･・・･・・ｷ・・・・,7553000
1986,15,・・ｰ・ｽ・・・・,2478000
1986,16,・ｯ・・ｱｱ・・・,1119000
1986,17,・・ｳ・ｷ・・・・,1155000
1986,18,・ｦ・・ｺ・・・・,819000
1986,19,・ｱｱ・｢ｨ・・・,837000
1986,20,・・ｷ・・・・・・,2143000
1986,21,・ｲ・・・・・・・,2036000
1986,22,・・・・ｲ｡・・・,3597000
1986,23,・・・・・･・・・,6512000
1986,24,・ｸ・・・・・・・,1756000
1986,25,・ｻ・・ｳ・・・,1166000
1986,26,・ｺｬ・・ｽ・ｺ・,2595000
1986,27,・､ｧ・・ｪ・ｺ・,8705000
1986,28,・・ｵ・ｺｫ・・・,5300000
1986,29,・･・・・ｯ・・・,1318000
1986,30,・・・・ｭ・・ｱｱ・・・,1083000
1986,31,・ｳ･・・・・・・,616000
1986,32,・ｳｶ・�ｹ・・・,793000
1986,33,・ｲ｡・ｱｱ・・・,1921000
1986,34,・ｺ・・ｳｶ・・・,2829000
1986,35,・ｱｱ・・｣・・・,1598000
1986,36,・ｾｳ・ｳｶ・・・,835000
1986,37,・ｦ・・ｷ・・・・,1024000
1986,38,・・・・ｪ・・・・,1528000
1986,39,・ｫ・・・･・・・,838000
1986,40,・ｦ・・ｲ｡・・・,4741000
1986,41,・ｽ・・ｳ・・・,880000
1986,42,・・ｷ・ｴ・・・・,1589000
1986,43,・・・・・ｬ・・・,1840000
1986,44,・､ｧ・・・・・・,1249000
1986,45,・ｮｮ・ｴ・・・・,1174000
1986,46,・ｹｿ・・・・ｳｶ・・・,1816000
1986,47,・ｲ・・ｸ・・・・,1188000
1987,1,・・・・ｵｷ・・・,5660000
1987,2,・・・・｣ｮ・・・,1511000
1987,3,・ｲｩ・・・・・・,1427000
1987,4,・ｮｮ・・・・・・,2206000
1987,5,・ｧ・・・ｰ・・・,1244000
1987,6,・ｱｱ・ｽ｢・・・,1262000
1987,7,・ｦ・・ｳｶ・・・,2091000
1987,8,・・ｨ・・・・・・,2769000
1987,9,・�・・・ｨ・・・,1895000
1987,10,・ｾ､・ｦｬ・・・,1941000
1987,11,・・ｼ・・・・・・,6071000
1987,12,・・・・・・・・・,5307000
1987,13,・・ｱ・ｺｬ・・ｽ,11887000
1987,14,・･・・･・・ｷ・・・・,7684000
1987,15,・・ｰ・ｽ・・・・,2477000
1987,16,・ｯ・・ｱｱ・・・,1120000
1987,17,・・ｳ・ｷ・・・・,1158000
1987,18,・ｦ・・ｺ・・・・,822000
1987,19,・ｱｱ・｢ｨ・・・,841000
1987,20,・・ｷ・・・・・・,2148000
1987,21,・ｲ・・・・・・・,2044000
1987,22,・・・・ｲ｡・・・,3619000
1987,23,・・・・・･・・・,6566000
1987,24,・ｸ・・・・・・・,1765000
1987,25,・ｻ・・ｳ・・・,1178000
1987,26,・ｺｬ・・ｽ・ｺ・,2601000
1987,27,・､ｧ・・ｪ・ｺ・,8737000
1987,28,・・ｵ・ｺｫ・・・,5319000
1987,29,・･・・・ｯ・・・,1333000
1987,30,・・・・ｭ・・ｱｱ・・・,1079000
1987,31,・ｳ･・・・・・・,616000
1987,32,・ｳｶ・�ｹ・・・,792000
1987,33,・ｲ｡・ｱｱ・・・,1924000
1987,34,・ｺ・・ｳｶ・・・,2834000
1987,35,・ｱｱ・・｣・・・,1592000
1987,36,・ｾｳ・ｳｶ・・・,835000
1987,37,・ｦ・・ｷ・・・・,1024000
1987,38,・・・・ｪ・・・・,1525000
1987,39,・ｫ・・・･・・・,836000
1987,40,・ｦ・・ｲ｡・・・,4756000
1987,41,・ｽ・・ｳ・・・,880000
1987,42,・・ｷ・ｴ・・・・,1584000
1987,43,・・・・・ｬ・・・,1842000
1987,44,・､ｧ・・・・・・,1247000
1987,45,・ｮｮ・ｴ・・・・,1174000
1987,46,・ｹｿ・・・・ｳｶ・・・,1816000
1987,47,・ｲ・・ｸ・・・・,1199000
1988,1,・・・・ｵｷ・・・,5656000
1988,2,・・・・｣ｮ・・・,1502000
1988,3,・ｲｩ・・・・・・,1424000
1988,4,・ｮｮ・・・・・・,2221000
1988,5,・ｧ・・・ｰ・・・,1238000
1988,6,・ｱｱ・ｽ｢・・・,1262000
1988,7,・ｦ・・ｳｶ・・・,2095000
1988,8,・・ｨ・・・・・・,2795000
1988,9,・�・・・ｨ・・・,1908000
1988,10,・ｾ､・ｦｬ・・・,1949000
1988,11,・・ｼ・・・・・・,6195000
1988,12,・・・・・・・・・,5403000
1988,13,・・ｱ・ｺｬ・・ｽ,11873000
1988,14,・･・・･・・ｷ・・・・,7794000
1988,15,・・ｰ・ｽ・・・・,2476000
1988,16,・ｯ・・ｱｱ・・・,1120000
1988,17,・・ｳ・ｷ・・・・,1160000
1988,18,・ｦ・・ｺ・・・・,822000
1988,19,・ｱｱ・｢ｨ・・・,845000
1988,20,・・ｷ・・・・・・,2149000
1988,21,・ｲ・・・・・・・,2051000
1988,22,・・・・ｲ｡・・・,3639000
1988,23,・・・・・･・・・,6606000
1988,24,・ｸ・・・・・・・,1772000
1988,25,・ｻ・・ｳ・・・,1191000
1988,26,・ｺｬ・・ｽ・ｺ・,2604000
1988,27,・､ｧ・・ｪ・ｺ・,8748000
1988,28,・・ｵ・ｺｫ・・・,5344000
1988,29,・･・・・ｯ・・・,1347000
1988,30,・・・・ｭ・・ｱｱ・・・,1076000
1988,31,・ｳ･・・・・・・,617000
1988,32,・ｳｶ・�ｹ・・・,789000
1988,33,・ｲ｡・ｱｱ・・・,1925000
1988,34,・ｺ・・ｳｶ・・・,2838000
1988,35,・ｱｱ・・｣・・・,1587000
1988,36,・ｾｳ・ｳｶ・・・,834000
1988,37,・ｦ・・ｷ・・・・,1025000
1988,38,・・・・ｪ・・・・,1522000
1988,39,・ｫ・・・･・・・,833000
1988,40,・ｦ・・ｲ｡・・・,4773000
1988,41,・ｽ・・ｳ・・・,880000
1988,42,・・ｷ・ｴ・・・・,1578000
1988,43,・・・・・ｬ・・・,1842000
1988,44,・､ｧ・・・・・・,1243000
1988,45,・ｮｮ・ｴ・・・・,1173000
1988,46,・ｹｿ・・・・ｳｶ・・・,1812000
1988,47,・ｲ・・ｸ・・・・,1208000
1989,1,・・・・ｵｷ・・・,5649000
1989,2,・・・・｣ｮ・・・,1492000
1989,3,・ｲｩ・・・・・・,1419000
1989,4,・ｮｮ・・・・・・,2236000
1989,5,・ｧ・・・ｰ・・・,1232000
1989,6,・ｱｱ・ｽ｢・・・,1260000
1989,7,・ｦ・・ｳｶ・・・,2100000
1989,8,・・ｨ・・・・・・,2822000
1989,9,・�・・・ｨ・・・,1921000
1989,10,・ｾ､・ｦｬ・・・,1959000
1989,11,・・ｼ・・・・・・,6308000
1989,12,・・・・・・・・・,5487000
1989,13,・・ｱ・ｺｬ・・ｽ,11863000
1989,14,・･・・･・・ｷ・・・・,7891000
1989,15,・・ｰ・ｽ・・・・,2476000
1989,16,・ｯ・・ｱｱ・・・,1121000
1989,17,・・ｳ・ｷ・・・・,1163000
1989,18,・ｦ・・ｺ・・・・,823000
1989,19,・ｱｱ・｢ｨ・・・,849000
1989,20,・・ｷ・・・・・・,2153000
1989,21,・ｲ・・・・・・・,2058000
1989,22,・・・・ｲ｡・・・,3657000
1989,23,・・・・・･・・・,6649000
1989,24,・ｸ・・・・・・・,1782000
1989,25,・ｻ・・ｳ・・・,1206000
1989,26,・ｺｬ・・ｽ・ｺ・,2604000
1989,27,・､ｧ・・ｪ・ｺ・,8744000
1989,28,・・ｵ・ｺｫ・・・,5372000
1989,29,・･・・・ｯ・・・,1363000
1989,30,・・・・ｭ・・ｱｱ・・・,1074000
1989,31,・ｳ･・・・・・・,616000
1989,32,・ｳｶ・�ｹ・・・,785000
1989,33,・ｲ｡・ｱｱ・・・,1925000
1989,34,・ｺ・・ｳｶ・・・,2843000
1989,35,・ｱｱ・・｣・・・,1581000
1989,36,・ｾｳ・ｳｶ・・・,833000
1989,37,・ｦ・・ｷ・・・・,1023000
1989,38,・・・・ｪ・・・・,1519000
1989,39,・ｫ・・・･・・・,830000
1989,40,・ｦ・・ｲ｡・・・,4793000
1989,41,・ｽ・・ｳ・・・,879000
1989,42,・・ｷ・ｴ・・・・,1570000
1989,43,・・・・・ｬ・・・,1841000
1989,44,・､ｧ・・・・・・,1240000
1989,45,・ｮｮ・ｴ・・・・,1172000
1989,46,・ｹｿ・・・・ｳｶ・・・,1805000
1989,47,・ｲ・・ｸ・・・・,1215000
1990,1,・・・・ｵｷ・・・,5643647
1990,2,・・・・｣ｮ・・・,1482873
1990,3,・ｲｩ・・・・・・,1416928
1990,4,・ｮｮ・・・・・・,2248558
1990,5,・ｧ・・・ｰ・・・,1227478
1990,6,・ｱｱ・ｽ｢・・・,1258390
1990,7,・ｦ・・ｳｶ・・・,2104058
1990,8,・・ｨ・・・・・・,2845382
1990,9,・�・・・ｨ・・・,1935168
1990,10,・ｾ､・ｦｬ・・・,1966265
1990,11,・・ｼ・・・・・・,6405319
1990,12,・・・・・・・・・,5555429
1990,13,・・ｱ・ｺｬ・・ｽ,11855563
1990,14,・･・・･・・ｷ・・・・,7980391
1990,15,・・ｰ・ｽ・・・・,2474583
1990,16,・ｯ・・ｱｱ・・・,1120161
1990,17,・・ｳ・ｷ・・・・,1164628
1990,18,・ｦ・・ｺ・・・・,823585
1990,19,・ｱｱ・｢ｨ・・・,852966
1990,20,・・ｷ・・・・・・,2156627
1990,21,・ｲ・・・・・・・,2066569
1990,22,・・・・ｲ｡・・・,3670840
1990,23,・・・・・･・・・,6690603
1990,24,・ｸ・・・・・・・,1792514
1990,25,・ｻ・・ｳ・・・,1222411
1990,26,・ｺｬ・・ｽ・ｺ・,2602460
1990,27,・､ｧ・・ｪ・ｺ・,8734516
1990,28,・・ｵ・ｺｫ・・・,5405040
1990,29,・･・・・ｯ・・・,1375481
1990,30,・・・・ｭ・・ｱｱ・・・,1074325
1990,31,・ｳ･・・・・・・,615722
1990,32,・ｳｶ・�ｹ・・・,781021
1990,33,・ｲ｡・ｱｱ・・・,1925877
1990,34,・ｺ・・ｳｶ・・・,2849847
1990,35,・ｱｱ・・｣・・・,1572616
1990,36,・ｾｳ・ｳｶ・・・,831598
1990,37,・ｦ・・ｷ・・・・,1023412
1990,38,・・・・ｪ・・・・,1515025
1990,39,・ｫ・・・･・・・,825034
1990,40,・ｦ・・ｲ｡・・・,4811050
1990,41,・ｽ・・ｳ・・・,877851
1990,42,・・ｷ・ｴ・・・・,1562959
1990,43,・・・・・ｬ・・・,1840326
1990,44,・､ｧ・・・・・・,1236942
1990,45,・ｮｮ・ｴ・・・・,1168907
1990,46,・ｹｿ・・・・ｳｶ・・・,1797824
1990,47,・ｲ・・ｸ・・・・,1222398
1991,1,・・・・ｵｷ・・・,5650000
1991,2,・・・・｣ｮ・・・,1479000
1991,3,・ｲｩ・・・・・・,1416000
1991,4,・ｮｮ・・・・・・,2267000
1991,5,・ｧ・・・ｰ・・・,1223000
1991,6,・ｱｱ・ｽ｢・・・,1257000
1991,7,・ｦ・・ｳｶ・・・,2109000
1991,8,・・ｨ・・・・・・,2871000
1991,9,・�・・・ｨ・・・,1948000
1991,10,・ｾ､・ｦｬ・・・,1974000
1991,11,・・ｼ・・・・・・,6486000
1991,12,・・・・・・・・・,5617000
1991,13,・・ｱ・ｺｬ・・ｽ,11894000
1991,14,・･・・･・・ｷ・・・・,8050000
1991,15,・・ｰ・ｽ・・・・,2475000
1991,16,・ｯ・・ｱｱ・・・,1121000
1991,17,・・ｳ・ｷ・・・・,1167000
1991,18,・ｦ・・ｺ・・・・,823000
1991,19,・ｱｱ・｢ｨ・・・,860000
1991,20,・・ｷ・・・・・・,2162000
1991,21,・ｲ・・・・・・・,2073000
1991,22,・・・・ｲ｡・・・,3687000
1991,23,・・・・・･・・・,6729000
1991,24,・ｸ・・・・・・・,1803000
1991,25,・ｻ・・ｳ・・・,1235000
1991,26,・ｺｬ・・ｽ・ｺ・,2608000
1991,27,・､ｧ・・ｪ・ｺ・,8750000
1991,28,・・ｵ・ｺｫ・・・,5426000
1991,29,・･・・・ｯ・・・,1388000
1991,30,・・・・ｭ・・ｱｱ・・・,1076000
1991,31,・ｳ･・・・・・・,615000
1991,32,・ｳｶ・�ｹ・・・,778000
1991,33,・ｲ｡・ｱｱ・・・,1930000
1991,34,・ｺ・・ｳｶ・・・,2859000
1991,35,・ｱｱ・・｣・・・,1569000
1991,36,・ｾｳ・ｳｶ・・・,831000
1991,37,・ｦ・・ｷ・・・・,1023000
1991,38,・・・・ｪ・・・・,1513000
1991,39,・ｫ・・・･・・・,822000
1991,40,・ｦ・・ｲ｡・・・,4834000
1991,41,・ｽ・・ｳ・・・,878000
1991,42,・・ｷ・ｴ・・・・,1557000
1991,43,・・・・・ｬ・・・,1844000
1991,44,・､ｧ・・・・・・,1235000
1991,45,・ｮｮ・ｴ・・・・,1167000
1991,46,・ｹｿ・・・・ｳｶ・・・,1793000
1991,47,・ｲ・・ｸ・・・・,1230000
1992,1,・・・・ｵｷ・・・,5661000
1992,2,・・・・｣ｮ・・・,1476000
1992,3,・ｲｩ・・・・・・,1416000
1992,4,・ｮｮ・・・・・・,2283000
1992,5,・ｧ・・・ｰ・・・,1220000
1992,6,・ｱｱ・ｽ｢・・・,1257000
1992,7,・ｦ・・ｳｶ・・・,2116000
1992,8,・・ｨ・・・・・・,2898000
1992,9,・�・・・ｨ・・・,1959000
1992,10,・ｾ､・ｦｬ・・・,1984000
1992,11,・・ｼ・・・・・・,6567000
1992,12,・・・・・・・・・,5679000
1992,13,・・ｱ・ｺｬ・・ｽ,11887000
1992,14,・･・・･・・ｷ・・・・,8116000
1992,15,・・ｰ・ｽ・・・・,2476000
1992,16,・ｯ・・ｱｱ・・・,1120000
1992,17,・・ｳ・ｷ・・・・,1171000
1992,18,・ｦ・・ｺ・・・・,823000
1992,19,・ｱｱ・｢ｨ・・・,865000
1992,20,・・ｷ・・・・・・,2169000
1992,21,・ｲ・・・・・・・,2082000
1992,22,・・・・ｲ｡・・・,3704000
1992,23,・・・・・･・・・,6776000
1992,24,・ｸ・・・・・・・,1814000
1992,25,・ｻ・・ｳ・・・,1248000
1992,26,・ｺｬ・・ｽ・ｺ・,2615000
1992,27,・､ｧ・・ｪ・ｺ・,8761000
1992,28,・・ｵ・ｺｫ・・・,5443000
1992,29,・･・・・ｯ・・・,1400000
1992,30,・・・・ｭ・・ｱｱ・・・,1076000
1992,31,・ｳ･・・・・・・,615000
1992,32,・ｳｶ・�ｹ・・・,775000
1992,33,・ｲ｡・ｱｱ・・・,1935000
1992,34,・ｺ・・ｳｶ・・・,2867000
1992,35,・ｱｱ・・｣・・・,1565000
1992,36,・ｾｳ・ｳｶ・・・,830000
1992,37,・ｦ・・ｷ・・・・,1024000
1992,38,・・・・ｪ・・・・,1511000
1992,39,・ｫ・・・･・・・,819000
1992,40,・ｦ・・ｲ｡・・・,4859000
1992,41,・ｽ・・ｳ・・・,879000
1992,42,・・ｷ・ｴ・・・・,1552000
1992,43,・・・・・ｬ・・・,1846000
1992,44,・､ｧ・・・・・・,1233000
1992,45,・ｮｮ・ｴ・・・・,1167000
1992,46,・ｹｿ・・・・ｳｶ・・・,1789000
1992,47,・ｲ・・ｸ・・・・,1239000
1993,1,・・・・ｵｷ・・・,5669000
1993,2,・・・・｣ｮ・・・,1476000
1993,3,・ｲｩ・・・・・・,1417000
1993,4,・ｮｮ・・・・・・,2299000
1993,5,・ｧ・・・ｰ・・・,1217000
1993,6,・ｱｱ・ｽ｢・・・,1256000
1993,7,・ｦ・・ｳｶ・・・,2123000
1993,8,・・ｨ・・・・・・,2920000
1993,9,・�・・・ｨ・・・,1969000
1993,10,・ｾ､・ｦｬ・・・,1990000
1993,11,・・ｼ・・・・・・,6640000
1993,12,・・・・・・・・・,5731000
1993,13,・・ｱ・ｺｬ・・ｽ,11849000
1993,14,・･・・･・・ｷ・・・・,8166000
1993,15,・・ｰ・ｽ・・・・,2479000
1993,16,・ｯ・・ｱｱ・・・,1121000
1993,17,・・ｳ・ｷ・・・・,1173000
1993,18,・ｦ・・ｺ・・・・,824000
1993,19,・ｱｱ・｢ｨ・・・,871000
1993,20,・・ｷ・・・・・・,2175000
1993,21,・ｲ・・・・・・・,2089000
1993,22,・・・・ｲ｡・・・,3716000
1993,23,・・・・・･・・・,6810000
1993,24,・ｸ・・・・・・・,1823000
1993,25,・ｻ・・ｳ・・・,1261000
1993,26,・ｺｬ・・ｽ・ｺ・,2618000
1993,27,・､ｧ・・ｪ・ｺ・,8762000
1993,28,・・ｵ・ｺｫ・・・,5457000
1993,29,・･・・・ｯ・・・,1412000
1993,30,・・・・ｭ・・ｱｱ・・・,1077000
1993,31,・ｳ･・・・・・・,614000
1993,32,・ｳｶ・�ｹ・・・,773000
1993,33,・ｲ｡・ｱｱ・・・,1940000
1993,34,・ｺ・・ｳｶ・・・,2873000
1993,35,・ｱｱ・・｣・・・,1561000
1993,36,・ｾｳ・ｳｶ・・・,831000
1993,37,・ｦ・・ｷ・・・・,1025000
1993,38,・・・・ｪ・・・・,1508000
1993,39,・ｫ・・・･・・・,817000
1993,40,・ｦ・・ｲ｡・・・,4885000
1993,41,・ｽ・・ｳ・・・,880000
1993,42,・・ｷ・ｴ・・・・,1550000
1993,43,・・・・・ｬ・・・,1850000
1993,44,・､ｧ・・・・・・,1231000
1993,45,・ｮｮ・ｴ・・・・,1171000
1993,46,・ｹｿ・・・・ｳｶ・・・,1788000
1993,47,・ｲ・・ｸ・・・・,1250000
1994,1,・・・・ｵｷ・・・,5681000
1994,2,・・・・｣ｮ・・・,1480000
1994,3,・ｲｩ・・・・・・,1418000
1994,4,・ｮｮ・・・・・・,2313000
1994,5,・ｧ・・・ｰ・・・,1216000
1994,6,・ｱｱ・ｽ｢・・・,1256000
1994,7,・ｦ・・ｳｶ・・・,2129000
1994,8,・・ｨ・・・・・・,2940000
1994,9,・�・・・ｨ・・・,1977000
1994,10,・ｾ､・ｦｬ・・・,1996000
1994,11,・・ｼ・・・・・・,6703000
1994,12,・・・・・・・・・,5767000
1994,13,・・ｱ・ｺｬ・・ｽ,11796000
1994,14,・･・・･・・ｷ・・・・,8207000
1994,15,・・ｰ・ｽ・・・・,2484000
1994,16,・ｯ・・ｱｱ・・・,1121000
1994,17,・・ｳ・ｷ・・・・,1176000
1994,18,・ｦ・・ｺ・・・・,825000
1994,19,・ｱｱ・｢ｨ・・・,877000
1994,20,・・ｷ・・・・・・,2184000
1994,21,・ｲ・・・・・・・,2095000
1994,22,・・・・ｲ｡・・・,3729000
1994,23,・・・・・･・・・,6839000
1994,24,・ｸ・・・・・・・,1833000
1994,25,・ｻ・・ｳ・・・,1273000
1994,26,・ｺｬ・・ｽ・ｺ・,2622000
1994,27,・､ｧ・・ｪ・ｺ・,8759000
1994,28,・・ｵ・ｺｫ・・・,5469000
1994,29,・･・・・ｯ・・・,1420000
1994,30,・・・・ｭ・・ｱｱ・・・,1080000
1994,31,・ｳ･・・・・・・,614000
1994,32,・ｳｶ・�ｹ・・・,772000
1994,33,・ｲ｡・ｱｱ・・・,1945000
1994,34,・ｺ・・ｳｶ・・・,2877000
1994,35,・ｱｱ・・｣・・・,1559000
1994,36,・ｾｳ・ｳｶ・・・,830000
1994,37,・ｦ・・ｷ・・・・,1026000
1994,38,・・・・ｪ・・・・,1508000
1994,39,・ｫ・・・･・・・,817000
1994,40,・ｦ・・ｲ｡・・・,4909000
1994,41,・ｽ・・ｳ・・・,883000
1994,42,・・ｷ・ｴ・・・・,1549000
1994,43,・・・・・ｬ・・・,1855000
1994,44,・､ｧ・・・・・・,1232000
1994,45,・ｮｮ・ｴ・・・・,1174000
1994,46,・ｹｿ・・・・ｳｶ・・・,1791000
1994,47,・ｲ・・ｸ・・・・,1262000
1995,1,・・・・ｵｷ・・・,5692321
1995,2,・・・・｣ｮ・・・,1481663
1995,3,・ｲｩ・・・・・・,1419505
1995,4,・ｮｮ・・・・・・,2328739
1995,5,・ｧ・・・ｰ・・・,1213667
1995,6,・ｱｱ・ｽ｢・・・,1256958
1995,7,・ｦ・・ｳｶ・・・,2133592
1995,8,・・ｨ・・・・・・,2955530
1995,9,・�・・・ｨ・・・,1984390
1995,10,・ｾ､・ｦｬ・・・,2003540
1995,11,・・ｼ・・・・・・,6759311
1995,12,・・・・・・・・・,5797782
1995,13,・・ｱ・ｺｬ・・ｽ,11773605
1995,14,・･・・･・・ｷ・・・・,8245900
1995,15,・・ｰ・ｽ・・・・,2488364
1995,16,・ｯ・・ｱｱ・・・,1123125
1995,17,・・ｳ・ｷ・・・・,1180068
1995,18,・ｦ・・ｺ・・・・,826996
1995,19,・ｱｱ・｢ｨ・・・,881996
1995,20,・・ｷ・・・・・・,2193984
1995,21,・ｲ・・・・・・・,2100315
1995,22,・・・・ｲ｡・・・,3737689
1995,23,・・・・・･・・・,6868336
1995,24,・ｸ・・・・・・・,1841358
1995,25,・ｻ・・ｳ・・・,1287005
1995,26,・ｺｬ・・ｽ・ｺ・,2629592
1995,27,・､ｧ・・ｪ・ｺ・,8797268
1995,28,・・ｵ・ｺｫ・・・,5401877
1995,29,・･・・・ｯ・・・,1430862
1995,30,・・・・ｭ・・ｱｱ・・・,1080435
1995,31,・ｳ･・・・・・・,614929
1995,32,・ｳｶ・�ｹ・・・,771441
1995,33,・ｲ｡・ｱｱ・・・,1950750
1995,34,・ｺ・・ｳｶ・・・,2881748
1995,35,・ｱｱ・・｣・・・,1555543
1995,36,・ｾｳ・ｳｶ・・・,832427
1995,37,・ｦ・・ｷ・・・・,1027006
1995,38,・・・・ｪ・・・・,1506700
1995,39,・ｫ・・・･・・・,816704
1995,40,・ｦ・・ｲ｡・・・,4933393
1995,41,・ｽ・・ｳ・・・,884316
1995,42,・・ｷ・ｴ・・・・,1544934
1995,43,・・・・・ｬ・・・,1859793
1995,44,・､ｧ・・・・・・,1231306
1995,45,・ｮｮ・ｴ・・・・,1175819
1995,46,・ｹｿ・・・・ｳｶ・・・,1794224
1995,47,・ｲ・・ｸ・・・・,1273440
1996,1,・・・・ｵｷ・・・,5697000
1996,2,・・・・｣ｮ・・・,1483000
1996,3,・ｲｩ・・・・・・,1420000
1996,4,・ｮｮ・・・・・・,2338000
1996,5,・ｧ・・・ｰ・・・,1210000
1996,6,・ｱｱ・ｽ｢・・・,1255000
1996,7,・ｦ・・ｳｶ・・・,2134000
1996,8,・・ｨ・・・・・・,2966000
1996,9,・�・・・ｨ・・・,1991000
1996,10,・ｾ､・ｦｬ・・・,2009000
1996,11,・・ｼ・・・・・・,6804000
1996,12,・・・・・・・・・,5817000
1996,13,・・ｱ・ｺｬ・・ｽ,11808000
1996,14,・･・・･・・ｷ・・・・,8279000
1996,15,・・ｰ・ｽ・・・・,2490000
1996,16,・ｯ・・ｱｱ・・・,1125000
1996,17,・・ｳ・ｷ・・・・,1181000
1996,18,・ｦ・・ｺ・・・・,828000
1996,19,・ｱｱ・｢ｨ・・・,885000
1996,20,・・ｷ・・・・・・,2203000
1996,21,・ｲ・・・・・・・,2104000
1996,22,・・・・ｲ｡・・・,3745000
1996,23,・・・・・･・・・,6897000
1996,24,・ｸ・・・・・・・,1846000
1996,25,・ｻ・・ｳ・・・,1298000
1996,26,・ｺｬ・・ｽ・ｺ・,2634000
1996,27,・､ｧ・・ｪ・ｺ・,8807000
1996,28,・・ｵ・ｺｫ・・・,5421000
1996,29,・･・・・ｯ・・・,1437000
1996,30,・・・・ｭ・・ｱｱ・・・,1079000
1996,31,・ｳ･・・・・・・,615000
1996,32,・ｳｶ・�ｹ・・・,770000
1996,33,・ｲ｡・ｱｱ・・・,1951000
1996,34,・ｺ・・ｳｶ・・・,2881000
1996,35,・ｱｱ・・｣・・・,1550000
1996,36,・ｾｳ・ｳｶ・・・,831000
1996,37,・ｦ・・ｷ・・・・,1027000
1996,38,・・・・ｪ・・・・,1505000
1996,39,・ｫ・・・･・・・,816000
1996,40,・ｦ・・ｲ｡・・・,4952000
1996,41,・ｽ・・ｳ・・・,884000
1996,42,・・ｷ・ｴ・・・・,1540000
1996,43,・・・・・ｬ・・・,1861000
1996,44,・､ｧ・・・・・・,1230000
1996,45,・ｮｮ・ｴ・・・・,1177000
1996,46,・ｹｿ・・・・ｳｶ・・・,1793000
1996,47,・ｲ・・ｸ・・・・,1282000
1997,1,・・・・ｵｷ・・・,5699000
1997,2,・・・・｣ｮ・・・,1481000
1997,3,・ｲｩ・・・・・・,1419000
1997,4,・ｮｮ・・・・・・,2348000
1997,5,・ｧ・・・ｰ・・・,1205000
1997,6,・ｱｱ・ｽ｢・・・,1253000
1997,7,・ｦ・・ｳｶ・・・,2134000
1997,8,・・ｨ・・・・・・,2973000
1997,9,・�・・・ｨ・・・,1996000
1997,10,・ｾ､・ｦｬ・・・,2013000
1997,11,・・ｼ・・・・・・,6841000
1997,12,・・・・・・・・・,5839000
1997,13,・・ｱ・ｺｬ・・ｽ,11881000
1997,14,・･・・･・・ｷ・・・・,8319000
1997,15,・・ｰ・ｽ・・・・,2490000
1997,16,・ｯ・・ｱｱ・・・,1124000
1997,17,・・ｳ・ｷ・・・・,1181000
1997,18,・ｦ・・ｺ・・・・,828000
1997,19,・ｱｱ・｢ｨ・・・,886000
1997,20,・・ｷ・・・・・・,2207000
1997,21,・ｲ・・・・・・・,2106000
1997,22,・・・・ｲ｡・・・,3752000
1997,23,・・・・・･・・・,6931000
1997,24,・ｸ・・・・・・・,1851000
1997,25,・ｻ・・ｳ・・・,1310000
1997,26,・ｺｬ・・ｽ・ｺ・,2638000
1997,27,・､ｧ・・ｪ・ｺ・,8808000
1997,28,・・ｵ・ｺｫ・・・,5455000
1997,29,・･・・・ｯ・・・,1442000
1997,30,・・・・ｭ・・ｱｱ・・・,1078000
1997,31,・ｳ･・・・・・・,614000
1997,32,・ｳｶ・�ｹ・・・,768000
1997,33,・ｲ｡・ｱｱ・・・,1952000
1997,34,・ｺ・・ｳｶ・・・,2882000
1997,35,・ｱｱ・・｣・・・,1545000
1997,36,・ｾｳ・ｳｶ・・・,830000
1997,37,・ｦ・・ｷ・・・・,1026000
1997,38,・・・・ｪ・・・・,1503000
1997,39,・ｫ・・・･・・・,816000
1997,40,・ｦ・・ｲ｡・・・,4971000
1997,41,・ｽ・・ｳ・・・,882000
1997,42,・・ｷ・ｴ・・・・,1533000
1997,43,・・・・・ｬ・・・,1861000
1997,44,・､ｧ・・・・・・,1228000
1997,45,・ｮｮ・ｴ・・・・,1175000
1997,46,・ｹｿ・・・・ｳｶ・・・,1792000
1997,47,・ｲ・・ｸ・・・・,1289000
1998,1,・・・・ｵｷ・・・,5695000
1998,2,・・・・｣ｮ・・・,1479000
1998,3,・ｲｩ・・・・・・,1419000
1998,4,・ｮｮ・・・・・・,2355000
1998,5,・ｧ・・・ｰ・・・,1200000
1998,6,・ｱｱ・ｽ｢・・・,1251000
1998,7,・ｦ・・ｳｶ・・・,2132000
1998,8,・・ｨ・・・・・・,2980000
1998,9,・�・・・ｨ・・・,2001000
1998,10,・ｾ､・ｦｬ・・・,2017000
1998,11,・・ｼ・・・・・・,6877000
1998,12,・・・・・・・・・,5867000
1998,13,・・ｱ・ｺｬ・・ｽ,11939000
1998,14,・･・・･・・ｷ・・・・,8383000
1998,15,・・ｰ・ｽ・・・・,2488000
1998,16,・ｯ・・ｱｱ・・・,1124000
1998,17,・・ｳ・ｷ・・・・,1181000
1998,18,・ｦ・・ｺ・・・・,828000
1998,19,・ｱｱ・｢ｨ・・・,888000
1998,20,・・ｷ・・・・・・,2210000
1998,21,・ｲ・・・・・・・,2108000
1998,22,・・・・ｲ｡・・・,3758000
1998,23,・・・・・･・・・,6973000
1998,24,・ｸ・・・・・・・,1855000
1998,25,・ｻ・・ｳ・・・,1323000
1998,26,・ｺｬ・・ｽ・ｺ・,2643000
1998,27,・､ｧ・・ｪ・ｺ・,8813000
1998,28,・・ｵ・ｺｫ・・・,5494000
1998,29,・･・・・ｯ・・・,1443000
1998,30,・・・・ｭ・・ｱｱ・・・,1076000
1998,31,・ｳ･・・・・・・,615000
1998,32,・ｳｶ・�ｹ・・・,765000
1998,33,・ｲ｡・ｱｱ・・・,1953000
1998,34,・ｺ・・ｳｶ・・・,2882000
1998,35,・ｱｱ・・｣・・・,1540000
1998,36,・ｾｳ・ｳｶ・・・,829000
1998,37,・ｦ・・ｷ・・・・,1025000
1998,38,・・・・ｪ・・・・,1501000
1998,39,・ｫ・・・･・・・,816000
1998,40,・ｦ・・ｲ｡・・・,4990000
1998,41,・ｽ・・ｳ・・・,881000
1998,42,・・ｷ・ｴ・・・・,1526000
1998,43,・・・・・ｬ・・・,1862000
1998,44,・､ｧ・・・・・・,1226000
1998,45,・ｮｮ・ｴ・・・・,1173000
1998,46,・ｹｿ・・・・ｳｶ・・・,1790000
1998,47,・ｲ・・ｸ・・・・,1298000
1999,1,・・・・ｵｷ・・・,5689000
1999,2,・・・・｣ｮ・・・,1477000
1999,3,・ｲｩ・・・・・・,1417000
1999,4,・ｮｮ・・・・・・,2360000
1999,5,・ｧ・・・ｰ・・・,1195000
1999,6,・ｱｱ・ｽ｢・・・,1247000
1999,7,・ｦ・・ｳｶ・・・,2129000
1999,8,・・ｨ・・・・・・,2981000
1999,9,・�・・・ｨ・・・,2003000
1999,10,・ｾ､・ｦｬ・・・,2020000
1999,11,・・ｼ・・・・・・,6906000
1999,12,・・・・・・・・・,5893000
1999,13,・・ｱ・ｺｬ・・ｽ,11983000
1999,14,・･・・･・・ｷ・・・・,8432000
1999,15,・・ｰ・ｽ・・・・,2482000
1999,16,・ｯ・・ｱｱ・・・,1122000
1999,17,・・ｳ・ｷ・・・・,1180000
1999,18,・ｦ・・ｺ・・・・,828000
1999,19,・ｱｱ・｢ｨ・・・,887000
1999,20,・・ｷ・・・・・・,2210000
1999,21,・ｲ・・・・・・・,2107000
1999,22,・・・・ｲ｡・・・,3761000
1999,23,・・・・・･・・・,7006000
1999,24,・ｸ・・・・・・・,1856000
1999,25,・ｻ・・ｳ・・・,1332000
1999,26,・ｺｬ・・ｽ・ｺ・,2645000
1999,27,・､ｧ・・ｪ・ｺ・,8813000
1999,28,・・ｵ・ｺｫ・・・,5528000
1999,29,・･・・・ｯ・・・,1444000
1999,30,・・・・ｭ・・ｱｱ・・・,1074000
1999,31,・ｳ･・・・・・・,614000
1999,32,・ｳｶ・�ｹ・・・,763000
1999,33,・ｲ｡・ｱｱ・・・,1953000
1999,34,・ｺ・・ｳｶ・・・,2881000
1999,35,・ｱｱ・・｣・・・,1535000
1999,36,・ｾｳ・ｳｶ・・・,827000
1999,37,・ｦ・・ｷ・・・・,1025000
1999,38,・・・・ｪ・・・・,1496000
1999,39,・ｫ・・・･・・・,815000
1999,40,・ｦ・・ｲ｡・・・,5002000
1999,41,・ｽ・・ｳ・・・,879000
1999,42,・・ｷ・ｴ・・・・,1520000
1999,43,・・・・・ｬ・・・,1861000
1999,44,・､ｧ・・・・・・,1224000
1999,45,・ｮｮ・ｴ・・・・,1172000
1999,46,・ｹｿ・・・・ｳｶ・・・,1788000
1999,47,・ｲ・・ｸ・・・・,1308000
2000,1,・・・・ｵｷ・・・,5683062
2000,2,・・・・｣ｮ・・・,1475728
2000,3,・ｲｩ・・・・・・,1416180
2000,4,・ｮｮ・・・・・・,2365320
2000,5,・ｧ・・・ｰ・・・,1189279
2000,6,・ｱｱ・ｽ｢・・・,1244147
2000,7,・ｦ・・ｳｶ・・・,2126935
2000,8,・・ｨ・・・・・・,2985676
2000,9,・�・・・ｨ・・・,2004817
2000,10,・ｾ､・ｦｬ・・・,2024852
2000,11,・・ｼ・・・・・・,6938006
2000,12,・・・・・・・・・,5926285
2000,13,・・ｱ・ｺｬ・・ｽ,12064101
2000,14,・･・・･・・ｷ・・・・,8489974
2000,15,・・ｰ・ｽ・・・・,2475733
2000,16,・ｯ・・ｱｱ・・・,1120851
2000,17,・・ｳ・ｷ・・・・,1180977
2000,18,・ｦ・・ｺ・・・・,828944
2000,19,・ｱｱ・｢ｨ・・・,888172
2000,20,・・ｷ・・・・・・,2215168
2000,21,・ｲ・・・・・・・,2107700
2000,22,・・・・ｲ｡・・・,3767393
2000,23,・・・・・･・・・,7043300
2000,24,・ｸ・・・・・・・,1857339
2000,25,・ｻ・・ｳ・・・,1342832
2000,26,・ｺｬ・・ｽ・ｺ・,2644391
2000,27,・､ｧ・・ｪ・ｺ・,8805081
2000,28,・・ｵ・ｺｫ・・・,5550574
2000,29,・･・・・ｯ・・・,1442795
2000,30,・・・・ｭ・・ｱｱ・・・,1069912
2000,31,・ｳ･・・・・・・,613289
2000,32,・ｳｶ・�ｹ・・・,761503
2000,33,・ｲ｡・ｱｱ・・・,1950828
2000,34,・ｺ・・ｳｶ・・・,2878915
2000,35,・ｱｱ・・｣・・・,1527964
2000,36,・ｾｳ・ｳｶ・・・,824108
2000,37,・ｦ・・ｷ・・・・,1022890
2000,38,・・・・ｪ・・・・,1493092
2000,39,・ｫ・・・･・・・,813949
2000,40,・ｦ・・ｲ｡・・・,5015699
2000,41,・ｽ・・ｳ・・・,876654
2000,42,・・ｷ・ｴ・・・・,1516523
2000,43,・・・・・ｬ・・・,1859344
2000,44,・､ｧ・・・・・・,1221140
2000,45,・ｮｮ・ｴ・・・・,1170007
2000,46,・ｹｿ・・・・ｳｶ・・・,1786194
2000,47,・ｲ・・ｸ・・・・,1318220
2001,1,・・・・ｵｷ・・・,5680000
2001,2,・・・・｣ｮ・・・,1473000
2001,3,・ｲｩ・・・・・・,1413000
2001,4,・ｮｮ・・・・・・,2369000
2001,5,・ｧ・・・ｰ・・・,1183000
2001,6,・ｱｱ・ｽ｢・・・,1241000
2001,7,・ｦ・・ｳｶ・・・,2124000
2001,8,・・ｨ・・・・・・,2990000
2001,9,・�・・・ｨ・・・,2011000
2001,10,・ｾ､・ｦｬ・・・,2029000
2001,11,・・ｼ・・・・・・,6977000
2001,12,・・・・・・・・・,5970000
2001,13,・・ｱ・ｺｬ・・ｽ,12165000
2001,14,・･・・･・・ｷ・・・・,8575000
2001,15,・・ｰ・ｽ・・・・,2471000
2001,16,・ｯ・・ｱｱ・・・,1120000
2001,17,・・ｳ・ｷ・・・・,1182000
2001,18,・ｦ・・ｺ・・・・,830000
2001,19,・ｱｱ・｢ｨ・・・,890000
2001,20,・・ｷ・・・・・・,2222000
2001,21,・ｲ・・・・・・・,2111000
2001,22,・・・・ｲ｡・・・,3780000
2001,23,・・・・・･・・・,7091000
2001,24,・ｸ・・・・・・・,1862000
2001,25,・ｻ・・ｳ・・・,1354000
2001,26,・ｺｬ・・ｽ・ｺ・,2649000
2001,27,・､ｧ・・ｪ・ｺ・,8821000
2001,28,・・ｵ・ｺｫ・・・,5572000
2001,29,・･・・・ｯ・・・,1442000
2001,30,・・・・ｭ・・ｱｱ・・・,1065000
2001,31,・ｳ･・・・・・・,613000
2001,32,・ｳｶ・�ｹ・・・,760000
2001,33,・ｲ｡・ｱｱ・・・,1954000
2001,34,・ｺ・・ｳｶ・・・,2880000
2001,35,・ｱｱ・・｣・・・,1523000
2001,36,・ｾｳ・ｳｶ・・・,822000
2001,37,・ｦ・・ｷ・・・・,1022000
2001,38,・・・・ｪ・・・・,1490000
2001,39,・ｫ・・・･・・・,812000
2001,40,・ｦ・・ｲ｡・・・,5030000
2001,41,・ｽ・・ｳ・・・,876000
2001,42,・・ｷ・ｴ・・・・,1512000
2001,43,・・・・・ｬ・・・,1860000
2001,44,・､ｧ・・・・・・,1220000
2001,45,・ｮｮ・ｴ・・・・,1168000
2001,46,・ｹｿ・・・・ｳｶ・・・,1782000
2001,47,・ｲ・・ｸ・・・・,1327000
2002,1,・・・・ｵｷ・・・,5672000
2002,2,・・・・｣ｮ・・・,1467000
2002,3,・ｲｩ・・・・・・,1407000
2002,4,・ｮｮ・・・・・・,2369000
2002,5,・ｧ・・・ｰ・・・,1175000
2002,6,・ｱｱ・ｽ｢・・・,1236000
2002,7,・ｦ・・ｳｶ・・・,2118000
2002,8,・・ｨ・・・・・・,2987000
2002,9,・�・・・ｨ・・・,2012000
2002,10,・ｾ､・ｦｬ・・・,2030000
2002,11,・・ｼ・・・・・・,7000000
2002,12,・・・・・・・・・,5998000
2002,13,・・ｱ・ｺｬ・・ｽ,12271000
2002,14,・･・・･・・ｷ・・・・,8636000
2002,15,・・ｰ・ｽ・・・・,2462000
2002,16,・ｯ・・ｱｱ・・・,1118000
2002,17,・・ｳ・ｷ・・・・,1180000
2002,18,・ｦ・・ｺ・・・・,828000
2002,19,・ｱｱ・｢ｨ・・・,889000
2002,20,・・ｷ・・・・・・,2215000
2002,21,・ｲ・・・・・・・,2110000
2002,22,・・・・ｲ｡・・・,3784000
2002,23,・・・・・･・・・,7131000
2002,24,・ｸ・・・・・・・,1863000
2002,25,・ｻ・・ｳ・・・,1361000
2002,26,・ｺｬ・・ｽ・ｺ・,2648000
2002,27,・､ｧ・・ｪ・ｺ・,8821000
2002,28,・・ｵ・ｺｫ・・・,5580000
2002,29,・･・・・ｯ・・・,1437000
2002,30,・・・・ｭ・・ｱｱ・・・,1059000
2002,31,・ｳ･・・・・・・,612000
2002,32,・ｳｶ・�ｹ・・・,756000
2002,33,・ｲ｡・ｱｱ・・・,1956000
2002,34,・ｺ・・ｳｶ・・・,2878000
2002,35,・ｱｱ・・｣・・・,1517000
2002,36,・ｾｳ・ｳｶ・・・,820000
2002,37,・ｦ・・ｷ・・・・,1020000
2002,38,・・・・ｪ・・・・,1485000
2002,39,・ｫ・・・･・・・,810000
2002,40,・ｦ・・ｲ｡・・・,5039000
2002,41,・ｽ・・ｳ・・・,874000
2002,42,・・ｷ・ｴ・・・・,1505000
2002,43,・・・・・ｬ・・・,1857000
2002,44,・､ｧ・・・・・・,1219000
2002,45,・ｮｮ・ｴ・・・・,1165000
2002,46,・ｹｿ・・・・ｳｶ・・・,1776000
2002,47,・ｲ・・ｸ・・・・,1336000
2003,1,・・・・ｵｷ・・・,5663000
2003,2,・・・・｣ｮ・・・,1459000
2003,3,・ｲｩ・・・・・・,1401000
2003,4,・ｮｮ・・・・・・,2369000
2003,5,・ｧ・・・ｰ・・・,1165000
2003,6,・ｱｱ・ｽ｢・・・,1230000
2003,7,・ｦ・・ｳｶ・・・,2110000
2003,8,・・ｨ・・・・・・,2985000
2003,9,・�・・・ｨ・・・,2014000
2003,10,・ｾ､・ｦｬ・・・,2030000
2003,11,・・ｼ・・・・・・,7028000
2003,12,・・・・・・・・・,6030000
2003,13,・・ｱ・ｺｬ・・ｽ,12388000
2003,14,・･・・･・・ｷ・・・・,8702000
2003,15,・・ｰ・ｽ・・・・,2455000
2003,16,・ｯ・・ｱｱ・・・,1116000
2003,17,・・ｳ・ｷ・・・・,1179000
2003,18,・ｦ・・ｺ・・・・,827000
2003,19,・ｱｱ・｢ｨ・・・,888000
2003,20,・・ｷ・・・・・・,2210000
2003,21,・ｲ・・・・・・・,2110000
2003,22,・・・・ｲ｡・・・,3790000
2003,23,・・・・・･・・・,7170000
2003,24,・ｸ・・・・・・・,1864000
2003,25,・ｻ・・ｳ・・・,1368000
2003,26,・ｺｬ・・ｽ・ｺ・,2650000
2003,27,・､ｧ・・ｪ・ｺ・,8824000
2003,28,・・ｵ・ｺｫ・・・,5589000
2003,29,・･・・・ｯ・・・,1434000
2003,30,・・・・ｭ・・ｱｱ・・・,1052000
2003,31,・ｳ･・・・・・・,611000
2003,32,・ｳｶ・�ｹ・・・,752000
2003,33,・ｲ｡・ｱｱ・・・,1958000
2003,34,・ｺ・・ｳｶ・・・,2879000
2003,35,・ｱｱ・・｣・・・,1510000
2003,36,・ｾｳ・ｳｶ・・・,818000
2003,37,・ｦ・・ｷ・・・・,1018000
2003,38,・・・・ｪ・・・・,1481000
2003,39,・ｫ・・・･・・・,806000
2003,40,・ｦ・・ｲ｡・・・,5045000
2003,41,・ｽ・・ｳ・・・,872000
2003,42,・・ｷ・ｴ・・・・,1498000
2003,43,・・・・・ｬ・・・,1852000
2003,44,・､ｧ・・・・・・,1217000
2003,45,・ｮｮ・ｴ・・・・,1162000
2003,46,・ｹｿ・・・・ｳｶ・・・,1770000
2003,47,・ｲ・・ｸ・・・・,1345000
2004,1,・・・・ｵｷ・・・,5650000
2004,2,・・・・｣ｮ・・・,1448000
2004,3,・ｲｩ・・・・・・,1395000
2004,4,・ｮｮ・・・・・・,2366000
2004,5,・ｧ・・・ｰ・・・,1156000
2004,6,・ｱｱ・ｽ｢・・・,1224000
2004,7,・ｦ・・ｳｶ・・・,2102000
2004,8,・・ｨ・・・・・・,2982000
2004,9,・�・・・ｨ・・・,2016000
2004,10,・ｾ､・ｦｬ・・・,2027000
2004,11,・・ｼ・・・・・・,7046000
2004,12,・・・・・・・・・,6047000
2004,13,・・ｱ・ｺｬ・・ｽ,12482000
2004,14,・･・・･・・ｷ・・・・,8753000
2004,15,・・ｰ・ｽ・・・・,2445000
2004,16,・ｯ・・ｱｱ・・・,1115000
2004,17,・・ｳ・ｷ・・・・,1178000
2004,18,・ｦ・・ｺ・・・・,824000
2004,19,・ｱｱ・｢ｨ・・・,886000
2004,20,・・ｷ・・・・・・,2206000
2004,21,・ｲ・・・・・・・,2108000
2004,22,・・・・ｲ｡・・・,3791000
2004,23,・・・・・･・・・,7209000
2004,24,・ｸ・・・・・・・,1867000
2004,25,・ｻ・・ｳ・・・,1375000
2004,26,・ｺｬ・・ｽ・ｺ・,2650000
2004,27,・､ｧ・・ｪ・ｺ・,8825000
2004,28,・・ｵ・ｺｫ・・・,5592000
2004,29,・･・・・ｯ・・・,1428000
2004,30,・・・・ｭ・・ｱｱ・・・,1045000
2004,31,・ｳ･・・・・・・,610000
2004,32,・ｳｶ・�ｹ・・・,747000
2004,33,・ｲ｡・ｱｱ・・・,1959000
2004,34,・ｺ・・ｳｶ・・・,2879000
2004,35,・ｱｱ・・｣・・・,1502000
2004,36,・ｾｳ・ｳｶ・・・,814000
2004,37,・ｦ・・ｷ・・・・,1016000
2004,38,・・・・ｪ・・・・,1475000
2004,39,・ｫ・・・･・・・,802000
2004,40,・ｦ・・ｲ｡・・・,5050000
2004,41,・ｽ・・ｳ・・・,870000
2004,42,・・ｷ・ｴ・・・・,1490000
2004,43,・・・・・ｬ・・・,1848000
2004,44,・､ｧ・・・・・・,1214000
2004,45,・ｮｮ・ｴ・・・・,1159000
2004,46,・ｹｿ・・・・ｳｶ・・・,1763000
2004,47,・ｲ・・ｸ・・・・,1353000
2005,1,・・・・ｵｷ・・・,5627737
2005,2,・・・・｣ｮ・・・,1436657
2005,3,・ｲｩ・・・・・・,1385041
2005,4,・ｮｮ・・・・・・,2360218
2005,5,・ｧ・・・ｰ・・・,1145501
2005,6,・ｱｱ・ｽ｢・・・,1216181
2005,7,・ｦ・・ｳｶ・・・,2091319
2005,8,・・ｨ・・・・・・,2975167
2005,9,・�・・・ｨ・・・,2016631
2005,10,・ｾ､・ｦｬ・・・,2024135
2005,11,・・ｼ・・・・・・,7054243
2005,12,・・・・・・・・・,6056462
2005,13,・・ｱ・ｺｬ・・ｽ,12576601
2005,14,・･・・･・・ｷ・・・・,8791597
2005,15,・・ｰ・ｽ・・・・,2431459
2005,16,・ｯ・・ｱｱ・・・,1111729
2005,17,・・ｳ・ｷ・・・・,1174026
2005,18,・ｦ・・ｺ・・・・,821592
2005,19,・ｱｱ・｢ｨ・・・,884515
2005,20,・・ｷ・・・・・・,2196114
2005,21,・ｲ・・・・・・・,2107226
2005,22,・・・・ｲ｡・・・,3792377
2005,23,・・・・・･・・・,7254704
2005,24,・ｸ・・・・・・・,1866963
2005,25,・ｻ・・ｳ・・・,1380361
2005,26,・ｺｬ・・ｽ・ｺ・,2647660
2005,27,・､ｧ・・ｪ・ｺ・,8817166
2005,28,・・ｵ・ｺｫ・・・,5590601
2005,29,・･・・・ｯ・・・,1421310
2005,30,・・・・ｭ・・ｱｱ・・・,1035969
2005,31,・ｳ･・・・・・・,607012
2005,32,・ｳｶ・�ｹ・・・,742223
2005,33,・ｲ｡・ｱｱ・・・,1957264
2005,34,・ｺ・・ｳｶ・・・,2876642
2005,35,・ｱｱ・・｣・・・,1492606
2005,36,・ｾｳ・ｳｶ・・・,809950
2005,37,・ｦ・・ｷ・・・・,1012400
2005,38,・・・・ｪ・・・・,1467815
2005,39,・ｫ・・・･・・・,796292
2005,40,・ｦ・・ｲ｡・・・,5049908
2005,41,・ｽ・・ｳ・・・,866369
2005,42,・・ｷ・ｴ・・・・,1478632
2005,43,・・・・・ｬ・・・,1842233
2005,44,・､ｧ・・・・・・,1209571
2005,45,・ｮｮ・ｴ・・・・,1153042
2005,46,・ｹｿ・・・・ｳｶ・・・,1753179
2005,47,・ｲ・・ｸ・・・・,1361594
2006,1,・・・・ｵｷ・・・,5605000
2006,2,・・・・｣ｮ・・・,1424000
2006,3,・ｲｩ・・・・・・,1375000
2006,4,・ｮｮ・・・・・・,2358000
2006,5,・ｧ・・・ｰ・・・,1134000
2006,6,・ｱｱ・ｽ｢・・・,1207000
2006,7,・ｦ・・ｳｶ・・・,2080000
2006,8,・・ｨ・・・・・・,2974000
2006,9,・�・・・ｨ・・・,2016000
2006,10,・ｾ､・ｦｬ・・・,2022000
2006,11,・・ｼ・・・・・・,7079000
2006,12,・・・・・・・・・,6084000
2006,13,・・ｱ・ｺｬ・・ｽ,12704000
2006,14,・･・・･・・ｷ・・・・,8846000
2006,15,・・ｰ・ｽ・・・・,2420000
2006,16,・ｯ・・ｱｱ・・・,1110000
2006,17,・・ｳ・ｷ・・・・,1173000
2006,18,・ｦ・・ｺ・・・・,820000
2006,19,・ｱｱ・｢ｨ・・・,880000
2006,20,・・ｷ・・・・・・,2189000
2006,21,・ｲ・・・・・・・,2105000
2006,22,・・・・ｲ｡・・・,3795000
2006,23,・・・・・･・・・,7307000
2006,24,・ｸ・・・・・・・,1872000
2006,25,・ｻ・・ｳ・・・,1390000
2006,26,・ｺｬ・・ｽ・ｺ・,2646000
2006,27,・､ｧ・・ｪ・ｺ・,8828000
2006,28,・・ｵ・ｺｫ・・・,5592000
2006,29,・･・・・ｯ・・・,1417000
2006,30,・・・・ｭ・・ｱｱ・・・,1029000
2006,31,・ｳ･・・・・・・,604000
2006,32,・ｳｶ・�ｹ・・・,737000
2006,33,・ｲ｡・ｱｱ・・・,1956000
2006,34,・ｺ・・ｳｶ・・・,2875000
2006,35,・ｱｱ・・｣・・・,1484000
2006,36,・ｾｳ・ｳｶ・・・,806000
2006,37,・ｦ・・ｷ・・・・,1009000
2006,38,・・・・ｪ・・・・,1460000
2006,39,・ｫ・・・･・・・,790000
2006,40,・ｦ・・ｲ｡・・・,5057000
2006,41,・ｽ・・ｳ・・・,863000
2006,42,・・ｷ・ｴ・・・・,1467000
2006,43,・・・・・ｬ・・・,1838000
2006,44,・､ｧ・・・・・・,1207000
2006,45,・ｮｮ・ｴ・・・・,1150000
2006,46,・ｹｿ・・・・ｳｶ・・・,1744000
2006,47,・ｲ・・ｸ・・・・,1369000
2007,1,・・・・ｵｷ・・・,5579000
2007,2,・・・・｣ｮ・・・,1409000
2007,3,・ｲｩ・・・・・・,1364000
2007,4,・ｮｮ・・・・・・,2354000
2007,5,・ｧ・・・ｰ・・・,1121000
2007,6,・ｱｱ・ｽ｢・・・,1198000
2007,7,・ｦ・・ｳｶ・・・,2067000
2007,8,・・ｨ・・・・・・,2973000
2007,9,・�・・・ｨ・・・,2016000
2007,10,・ｾ､・ｦｬ・・・,2020000
2007,11,・・ｼ・・・・・・,7106000
2007,12,・・・・・・・・・,6119000
2007,13,・・ｱ・ｺｬ・・ｽ,12848000
2007,14,・･・・･・・ｷ・・・・,8912000
2007,15,・・ｰ・ｽ・・・・,2408000
2007,16,・ｯ・・ｱｱ・・・,1107000
2007,17,・・ｳ・ｷ・・・・,1173000
2007,18,・ｦ・・ｺ・・・・,817000
2007,19,・ｱｱ・｢ｨ・・・,877000
2007,20,・・ｷ・・・・・・,2182000
2007,21,・ｲ・・・・・・・,2104000
2007,22,・・・・ｲ｡・・・,3796000
2007,23,・・・・・･・・・,7357000
2007,24,・ｸ・・・・・・・,1873000
2007,25,・ｻ・・ｳ・・・,1398000
2007,26,・ｺｬ・・ｽ・ｺ・,2643000
2007,27,・､ｧ・・ｪ・ｺ・,8839000
2007,28,・・ｵ・ｺｫ・・・,5593000
2007,29,・･・・・ｯ・・・,1413000
2007,30,・・・・ｭ・・ｱｱ・・・,1021000
2007,31,・ｳ･・・・・・・,601000
2007,32,・ｳｶ・�ｹ・・・,733000
2007,33,・ｲ｡・ｱｱ・・・,1956000
2007,34,・ｺ・・ｳｶ・・・,2874000
2007,35,・ｱｱ・・｣・・・,1476000
2007,36,・ｾｳ・ｳｶ・・・,800000
2007,37,・ｦ・・ｷ・・・・,1006000
2007,38,・・・・ｪ・・・・,1453000
2007,39,・ｫ・・・･・・・,783000
2007,40,・ｦ・・ｲ｡・・・,5061000
2007,41,・ｽ・・ｳ・・・,860000
2007,42,・・ｷ・ｴ・・・・,1455000
2007,43,・・・・・ｬ・・・,1832000
2007,44,・､ｧ・・・・・・,1206000
2007,45,・ｮｮ・ｴ・・・・,1146000
2007,46,・ｹｿ・・・・ｳｶ・・・,1733000
2007,47,・ｲ・・ｸ・・・・,1374000
2008,1,・・・・ｵｷ・・・,5548000
2008,2,・・・・｣ｮ・・・,1395000
2008,3,・ｲｩ・・・・・・,1352000
2008,4,・ｮｮ・・・・・・,2349000
2008,5,・ｧ・・・ｰ・・・,1109000
2008,6,・ｱｱ・ｽ｢・・・,1188000
2008,7,・ｦ・・ｳｶ・・・,2054000
2008,8,・・ｨ・・・・・・,2971000
2008,9,・�・・・ｨ・・・,2015000
2008,10,・ｾ､・ｦｬ・・・,2017000
2008,11,・・ｼ・・・・・・,7136000
2008,12,・・・・・・・・・,6153000
2008,13,・・ｱ・ｺｬ・・ｽ,12973000
2008,14,・･・・･・・ｷ・・・・,8965000
2008,15,・・ｰ・ｽ・・・・,2396000
2008,16,・ｯ・・ｱｱ・・・,1103000
2008,17,・・ｳ・ｷ・・・・,1172000
2008,18,・ｦ・・ｺ・・・・,814000
2008,19,・ｱｱ・｢ｨ・・・,871000
2008,20,・・ｷ・・・・・・,2173000
2008,21,・ｲ・・・・・・・,2100000
2008,22,・・・・ｲ｡・・・,3793000
2008,23,・・・・・･・・・,7399000
2008,24,・ｸ・・・・・・・,1871000
2008,25,・ｻ・・ｳ・・・,1405000
2008,26,・ｺｬ・・ｽ・ｺ・,2640000
2008,27,・､ｧ・・ｪ・ｺ・,8847000
2008,28,・・ｵ・ｺｫ・・・,5592000
2008,29,・･・・・ｯ・・・,1407000
2008,30,・・・・ｭ・・ｱｱ・・・,1014000
2008,31,・ｳ･・・・・・・,596000
2008,32,・ｳｶ・�ｹ・・・,727000
2008,33,・ｲ｡・ｱｱ・・・,1953000
2008,34,・ｺ・・ｳｶ・・・,2870000
2008,35,・ｱｱ・・｣・・・,1466000
2008,36,・ｾｳ・ｳｶ・・・,795000
2008,37,・ｦ・・ｷ・・・・,1003000
2008,38,・・・・ｪ・・・・,1445000
2008,39,・ｫ・・・･・・・,775000
2008,40,・ｦ・・ｲ｡・・・,5062000
2008,41,・ｽ・・ｳ・・・,856000
2008,42,・・ｷ・ｴ・・・・,1443000
2008,43,・・・・・ｬ・・・,1826000
2008,44,・､ｧ・・・・・・,1204000
2008,45,・ｮｮ・ｴ・・・・,1141000
2008,46,・ｹｿ・・・・ｳｶ・・・,1721000
2008,47,・ｲ・・ｸ・・・・,1378000
2009,1,・・・・ｵｷ・・・,5524000
2009,2,・・・・｣ｮ・・・,1383000
2009,3,・ｲｩ・・・・・・,1340000
2009,4,・ｮｮ・・・・・・,2348000
2009,5,・ｧ・・・ｰ・・・,1097000
2009,6,・ｱｱ・ｽ｢・・・,1178000
2009,7,・ｦ・・ｳｶ・・・,2041000
2009,8,・・ｨ・・・・・・,2970000
2009,9,・�・・・ｨ・・・,2011000
2009,10,・ｾ､・ｦｬ・・・,2014000
2009,11,・・ｼ・・・・・・,7161000
2009,12,・・・・・・・・・,6180000
2009,13,・・ｱ・ｺｬ・・ｽ,13048000
2009,14,・･・・･・・ｷ・・・・,9006000
2009,15,・・ｰ・ｽ・・・・,2385000
2009,16,・ｯ・・ｱｱ・・・,1098000
2009,17,・・ｳ・ｷ・・・・,1171000
2009,18,・ｦ・・ｺ・・・・,810000
2009,19,・ｱｱ・｢ｨ・・・,867000
2009,20,・・ｷ・・・・・・,2162000
2009,21,・ｲ・・・・・・・,2091000
2009,22,・・・・ｲ｡・・・,3783000
2009,23,・・・・・･・・・,7411000
2009,24,・ｸ・・・・・・・,1864000
2009,25,・ｻ・・ｳ・・・,1409000
2009,26,・ｺｬ・・ｽ・ｺ・,2637000
2009,27,・､ｧ・・ｪ・ｺ・,8855000
2009,28,・・ｵ・ｺｫ・・・,5591000
2009,29,・･・・・ｯ・・・,1404000
2009,30,・・・・ｭ・・ｱｱ・・・,1008000
2009,31,・ｳ･・・・・・・,592000
2009,32,・ｳｶ・�ｹ・・・,721000
2009,33,・ｲ｡・ｱｱ・・・,1949000
2009,34,・ｺ・・ｳｶ・・・,2864000
2009,35,・ｱｱ・・｣・・・,1459000
2009,36,・ｾｳ・ｳｶ・・・,790000
2009,37,・ｦ・・ｷ・・・・,999000
2009,38,・・・・ｪ・・・・,1438000
2009,39,・ｫ・・・･・・・,769000
2009,40,・ｦ・・ｲ｡・・・,5064000
2009,41,・ｽ・・ｳ・・・,853000
2009,42,・・ｷ・ｴ・・・・,1434000
2009,43,・・・・・ｬ・・・,1821000
2009,44,・､ｧ・・・・・・,1200000
2009,45,・ｮｮ・ｴ・・・・,1138000
2009,46,・ｹｿ・・・・ｳｶ・・・,1712000
2009,47,・ｲ・・ｸ・・・・,1385000
2010,1,・・・・ｵｷ・・・,5506419
2010,2,・・・・｣ｮ・・・,1373339
2010,3,・ｲｩ・・・・・・,1330147
2010,4,・ｮｮ・・・・・・,2348165
2010,5,・ｧ・・・ｰ・・・,1085997
2010,6,・ｱｱ・ｽ｢・・・,1168924
2010,7,・ｦ・・ｳｶ・・・,2029064
2010,8,・・ｨ・・・・・・,2969770
2010,9,・�・・・ｨ・・・,2007683
2010,10,・ｾ､・ｦｬ・・・,2008068
2010,11,・・ｼ・・・・・・,7194556
2010,12,・・・・・・・・・,6216289
2010,13,・・ｱ・ｺｬ・・ｽ,13159388
2010,14,・･・・･・・ｷ・・・・,9048331
2010,15,・・ｰ・ｽ・・・・,2374450
2010,16,・ｯ・・ｱｱ・・・,1093247
2010,17,・・ｳ・ｷ・・・・,1169788
2010,18,・ｦ・・ｺ・・・・,806314
2010,19,・ｱｱ・｢ｨ・・・,863075
2010,20,・・ｷ・・・・・・,2152449
2010,21,・ｲ・・・・・・・,2080773
2010,22,・・・・ｲ｡・・・,3765007
2010,23,・・・・・･・・・,7410719
2010,24,・ｸ・・・・・・・,1854724
2010,25,・ｻ・・ｳ・・・,1410777
2010,26,・ｺｬ・・ｽ・ｺ・,2636092
2010,27,・､ｧ・・ｪ・ｺ・,8865245
2010,28,・・ｵ・ｺｫ・・・,5588133
2010,29,・･・・・ｯ・・・,1400728
2010,30,・・・・ｭ・・ｱｱ・・・,1002198
2010,31,・ｳ･・・・・・・,588667
2010,32,・ｳｶ・�ｹ・・・,717397
2010,33,・ｲ｡・ｱｱ・・・,1945276
2010,34,・ｺ・・ｳｶ・・・,2860750
2010,35,・ｱｱ・・｣・・・,1451338
2010,36,・ｾｳ・ｳｶ・・・,785491
2010,37,・ｦ・・ｷ・・・・,995842
2010,38,・・・・ｪ・・・・,1431493
2010,39,・ｫ・・・･・・・,764456
2010,40,・ｦ・・ｲ｡・・・,5071968
2010,41,・ｽ・・ｳ・・・,849788
2010,42,・・ｷ・ｴ・・・・,1426779
2010,43,・・・・・ｬ・・・,1817426
2010,44,・､ｧ・・・・・・,1196529
2010,45,・ｮｮ・ｴ・・・・,1135233
2010,46,・ｹｿ・・・・ｳｶ・・・,1706242
2010,47,・ｲ・・ｸ・・・・,1392818
2011,1,・・・・ｵｷ・・・,5488000
2011,2,・・・・｣ｮ・・・,1363000
2011,3,・ｲｩ・・・・・・,1315000
2011,4,・ｮｮ・・・・・・,2326000
2011,5,・ｧ・・・ｰ・・・,1075000
2011,6,・ｱｱ・ｽ｢・・・,1162000
2011,7,・ｦ・・ｳｶ・・・,1988000
2011,8,・・ｨ・・・・・・,2960000
2011,9,・�・・・ｨ・・・,2000000
2011,10,・ｾ､・ｦｬ・・・,2001000
2011,11,・・ｼ・・・・・・,7209000
2011,12,・・・・・・・・・,6217000
2011,13,・・ｱ・ｺｬ・・ｽ,13198000
2011,14,・･・・･・・ｷ・・・・,9060000
2011,15,・・ｰ・ｽ・・・・,2364000
2011,16,・ｯ・・ｱｱ・・・,1088000
2011,17,・・ｳ・ｷ・・・・,1167000
2011,18,・ｦ・・ｺ・・・・,803000
2011,19,・ｱｱ・｢ｨ・・・,857000
2011,20,・・ｷ・・・・・・,2142000
2011,21,・ｲ・・・・・・・,2071000
2011,22,・・・・ｲ｡・・・,3752000
2011,23,・・・・・･・・・,7418000
2011,24,・ｸ・・・・・・・,1847000
2011,25,・ｻ・・ｳ・・・,1413000
2011,26,・ｺｬ・・ｽ・ｺ・,2633000
2011,27,・､ｧ・・ｪ・ｺ・,8863000
2011,28,・・ｵ・ｺｫ・・・,5584000
2011,29,・･・・・ｯ・・・,1395000
2011,30,・・・・ｭ・・ｱｱ・・・,995000
2011,31,・ｳ･・・・・・・,586000
2011,32,・ｳｶ・�ｹ・・・,713000
2011,33,・ｲ｡・ｱｱ・・・,1941000
2011,34,・ｺ・・ｳｶ・・・,2858000
2011,35,・ｱｱ・・｣・・・,1444000
2011,36,・ｾｳ・ｳｶ・・・,780000
2011,37,・ｦ・・ｷ・・・・,992000
2011,38,・・・・ｪ・・・・,1424000
2011,39,・ｫ・・・･・・・,758000
2011,40,・ｦ・・ｲ｡・・・,5081000
2011,41,・ｽ・・ｳ・・・,847000
2011,42,・・ｷ・ｴ・・・・,1418000
2011,43,・・・・・ｬ・・・,1813000
2011,44,・､ｧ・・・・・・,1192000
2011,45,・ｮｮ・ｴ・・・・,1130000
2011,46,・ｹｿ・・・・ｳｶ・・・,1697000
2011,47,・ｲ・・ｸ・・・・,1402000
2012,1,・・・・ｵｷ・・・,5465000
2012,2,・・・・｣ｮ・・・,1350000
2012,3,・ｲｩ・・・・・・,1306000
2012,4,・ｮｮ・・・・・・,2329000
2012,5,・ｧ・・・ｰ・・・,1063000
2012,6,・ｱｱ・ｽ｢・・・,1153000
2012,7,・ｦ・・ｳｶ・・・,1957000
2012,8,・・ｨ・・・・・・,2947000
2012,9,・�・・・ｨ・・・,1992000
2012,10,・ｾ､・ｦｬ・・・,1994000
2012,11,・・ｼ・・・・・・,7216000
2012,12,・・・・・・・・・,6200000
2012,13,・・ｱ・ｺｬ・・ｽ,13234000
2012,14,・･・・･・・ｷ・・・・,9070000
2012,15,・・ｰ・ｽ・・・・,2350000
2012,16,・ｯ・・ｱｱ・・・,1083000
2012,17,・・ｳ・ｷ・・・・,1164000
2012,18,・ｦ・・ｺ・・・・,800000
2012,19,・ｱｱ・｢ｨ・・・,852000
2012,20,・・ｷ・・・・・・,2132000
2012,21,・ｲ・・・・・・・,2062000
2012,22,・・・・ｲ｡・・・,3739000
2012,23,・・・・・･・・・,7431000
2012,24,・ｸ・・・・・・・,1841000
2012,25,・ｻ・・ｳ・・・,1414000
2012,26,・ｺｬ・・ｽ・ｺ・,2628000
2012,27,・､ｧ・・ｪ・ｺ・,8861000
2012,28,・・ｵ・ｺｫ・・・,5575000
2012,29,・･・・・ｯ・・・,1388000
2012,30,・・・・ｭ・・ｱｱ・・・,988000
2012,31,・ｳ･・・・・・・,583000
2012,32,・ｳｶ・�ｹ・・・,708000
2012,33,・ｲ｡・ｱｱ・・・,1937000
2012,34,・ｺ・・ｳｶ・・・,2855000
2012,35,・ｱｱ・・｣・・・,1434000
2012,36,・ｾｳ・ｳｶ・・・,775000
2012,37,・ｦ・・ｷ・・・・,989000
2012,38,・・・・ｪ・・・・,1415000
2012,39,・ｫ・・・･・・・,751000
2012,40,・ｦ・・ｲ｡・・・,5089000
2012,41,・ｽ・・ｳ・・・,845000
2012,42,・・ｷ・ｴ・・・・,1408000
2012,43,・・・・・ｬ・・・,1807000
2012,44,・､ｧ・・・・・・,1186000
2012,45,・ｮｮ・ｴ・・・・,1125000
2012,46,・ｹｿ・・・・ｳｶ・・・,1687000
2012,47,・ｲ・・ｸ・・・・,1411000
2013,1,・・・・ｵｷ・・・,5438000
2013,2,・・・・｣ｮ・・・,1337000
2013,3,・ｲｩ・・・・・・,1299000
2013,4,・ｮｮ・・・・・・,2333000
2013,5,・ｧ・・・ｰ・・・,1050000
2013,6,・ｱｱ・ｽ｢・・・,1144000
2013,7,・ｦ・・ｳｶ・・・,1940000
2013,8,・・ｨ・・・・・・,2937000
2013,9,・�・・・ｨ・・・,1986000
2013,10,・ｾ､・ｦｬ・・・,1986000
2013,11,・・ｼ・・・・・・,7228000
2013,12,・・・・・・・・・,6201000
2013,13,・・ｱ・ｺｬ・・ｽ,13307000
2013,14,・･・・･・・ｷ・・・・,9084000
2013,15,・・ｰ・ｽ・・・・,2336000
2013,16,・ｯ・・ｱｱ・・・,1077000
2013,17,・・ｳ・ｷ・・・・,1160000
2013,18,・ｦ・・ｺ・・・・,796000
2013,19,・ｱｱ・｢ｨ・・・,847000
2013,20,・・ｷ・・・・・・,2122000
2013,21,・ｲ・・・・・・・,2053000
2013,22,・・・・ｲ｡・・・,3730000
2013,23,・・・・・･・・・,7449000
2013,24,・ｸ・・・・・・・,1833000
2013,25,・ｻ・・ｳ・・・,1415000
2013,26,・ｺｬ・・ｽ・ｺ・,2622000
2013,27,・､ｧ・・ｪ・ｺ・,8856000
2013,28,・・ｵ・ｺｫ・・・,5565000
2013,29,・･・・・ｯ・・・,1381000
2013,30,・・・・ｭ・・ｱｱ・・・,980000
2013,31,・ｳ･・・・・・・,580000
2013,32,・ｳｶ・�ｹ・・・,704000
2013,33,・ｲ｡・ｱｱ・・・,1932000
2013,34,・ｺ・・ｳｶ・・・,2850000
2013,35,・ｱｱ・・｣・・・,1425000
2013,36,・ｾｳ・ｳｶ・・・,769000
2013,37,・ｦ・・ｷ・・・・,985000
2013,38,・・・・ｪ・・・・,1406000
2013,39,・ｫ・・・･・・・,743000
2013,40,・ｦ・・ｲ｡・・・,5096000
2013,41,・ｽ・・ｳ・・・,841000
2013,42,・・ｷ・ｴ・・・・,1397000
2013,43,・・・・・ｬ・・・,1801000
2013,44,・､ｧ・・・・・・,1180000
2013,45,・ｮｮ・ｴ・・・・,1119000
2013,46,・ｹｿ・・・・ｳｶ・・・,1675000
2013,47,・ｲ・・ｸ・・・・,1419000
2014,1,・・・・ｵｷ・・・,5410000
2014,2,・・・・｣ｮ・・・,1323000
2014,3,・ｲｩ・・・・・・,1290000
2014,4,・ｮｮ・・・・・・,2335000
2014,5,・ｧ・・・ｰ・・・,1037000
2014,6,・ｱｱ・ｽ｢・・・,1134000
2014,7,・ｦ・・ｳｶ・・・,1927000
2014,8,・・ｨ・・・・・・,2927000
2014,9,・�・・・ｨ・・・,1980000
2014,10,・ｾ､・ｦｬ・・・,1979000
2014,11,・・ｼ・・・・・・,7247000
2014,12,・・・・・・・・・,6209000
2014,13,・・ｱ・ｺｬ・・ｽ,13399000
2014,14,・･・・･・・ｷ・・・・,9103000
2014,15,・・ｰ・ｽ・・・・,2320000
2014,16,・ｯ・・ｱｱ・・・,1072000
2014,17,・・ｳ・ｷ・・・・,1157000
2014,18,・ｦ・・ｺ・・・・,791000
2014,19,・ｱｱ・｢ｨ・・・,841000
2014,20,・・ｷ・・・・・・,2110000
2014,21,・ｲ・・・・・・・,2043000
2014,22,・・・・ｲ｡・・・,3715000
2014,23,・・・・・･・・・,7464000
2014,24,・ｸ・・・・・・・,1826000
2014,25,・ｻ・・ｳ・・・,1414000
2014,26,・ｺｬ・・ｽ・ｺ・,2616000
2014,27,・､ｧ・・ｪ・ｺ・,8845000
2014,28,・・ｵ・ｺｫ・・・,5550000
2014,29,・･・・・ｯ・・・,1373000
2014,30,・・・・ｭ・・ｱｱ・・・,972000
2014,31,・ｳ･・・・・・・,577000
2014,32,・ｳｶ・�ｹ・・・,699000
2014,33,・ｲ｡・ｱｱ・・・,1926000
2014,34,・ｺ・・ｳｶ・・・,2846000
2014,35,・ｱｱ・・｣・・・,1415000
2014,36,・ｾｳ・ｳｶ・・・,763000
2014,37,・ｦ・・ｷ・・・・,980000
2014,38,・・・・ｪ・・・・,1396000
2014,39,・ｫ・・・･・・・,736000
2014,40,・ｦ・・ｲ｡・・・,5099000
2014,41,・ｽ・・ｳ・・・,837000
2014,42,・・ｷ・ｴ・・・・,1387000
2014,43,・・・・・ｬ・・・,1795000
2014,44,・､ｧ・・・・・・,1173000
2014,45,・ｮｮ・ｴ・・・・,1112000
2014,46,・ｹｿ・・・・ｳｶ・・・,1662000
2014,47,・ｲ・・ｸ・・・・,1426000
2015,1,・・・・ｵｷ・・・,5381733
2015,2,・・・・｣ｮ・・・,1308265
2015,3,・ｲｩ・・・・・・,1279594
2015,4,・ｮｮ・・・・・・,2333899
2015,5,・ｧ・・・ｰ・・・,1023119
2015,6,・ｱｱ・ｽ｢・・・,1123891
2015,7,・ｦ・・ｳｶ・・・,1914039
2015,8,・・ｨ・・・・・・,2916976
2015,9,・�・・・ｨ・・・,1974255
2015,10,・ｾ､・ｦｬ・・・,1973115
2015,11,・・ｼ・・・・・・,7266534
2015,12,・・・・・・・・・,6222666
2015,13,・・ｱ・ｺｬ・・ｽ,13515271
2015,14,・･・・･・・ｷ・・・・,9126214
2015,15,・・ｰ・ｽ・・・・,2304264
2015,16,・ｯ・・ｱｱ・・・,1066328
2015,17,・・ｳ・ｷ・・・・,1154008
2015,18,・ｦ・・ｺ・・・・,786740
2015,19,・ｱｱ・｢ｨ・・・,834930
2015,20,・・ｷ・・・・・・,2098804
2015,21,・ｲ・・・・・・・,2031903
2015,22,・・・・ｲ｡・・・,3700305
2015,23,・・・・・･・・・,7483128
2015,24,・ｸ・・・・・・・,1815865
2015,25,・ｻ・・ｳ・・・,1412916
2015,26,・ｺｬ・・ｽ・ｺ・,2610353
2015,27,・､ｧ・・ｪ・ｺ・,8839469
2015,28,・・ｵ・ｺｫ・・・,5534800
2015,29,・･・・・ｯ・・・,1364316
2015,30,・・・・ｭ・・ｱｱ・・・,963579
2015,31,・ｳ･・・・・・・,573441
2015,32,・ｳｶ・�ｹ・・・,694352
2015,33,・ｲ｡・ｱｱ・・・,1921525
2015,34,・ｺ・・ｳｶ・・・,2843990
2015,35,・ｱｱ・・｣・・・,1404729
2015,36,・ｾｳ・ｳｶ・・・,755733
2015,37,・ｦ・・ｷ・・・・,976263
2015,38,・・・・ｪ・・・・,1385262
2015,39,・ｫ・・・･・・・,728276
2015,40,・ｦ・・ｲ｡・・・,5101556
2015,41,・ｽ・・ｳ・・・,832832
2015,42,・・ｷ・ｴ・・・・,1377187
2015,43,・・・・・ｬ・・・,1786170
2015,44,・､ｧ・・・・・・,1166338
2015,45,・ｮｮ・ｴ・・・・,1104069
2015,46,・ｹｿ・・・・ｳｶ・・・,1648177
2015,47,・ｲ・・ｸ・・・・,1433566
2016,1,・・・・ｵｷ・・・,5352000
2016,2,・・・・｣ｮ・・・,1293000
2016,3,・ｲｩ・・・・・・,1268000
2016,4,・ｮｮ・・・・・・,2330000
2016,5,・ｧ・・・ｰ・・・,1010000
2016,6,・ｱｱ・ｽ｢・・・,1113000
2016,7,・ｦ・・ｳｶ・・・,1901000
2016,8,・・ｨ・・・・・・,2905000
2016,9,・�・・・ｨ・・・,1966000
2016,10,・ｾ､・ｦｬ・・・,1967000
2016,11,・・ｼ・・・・・・,7289000
2016,12,・・・・・・・・・,6236000
2016,13,・・ｱ・ｺｬ・・ｽ,13624000
2016,14,・･・・･・・ｷ・・・・,9145000
2016,15,・・ｰ・ｽ・・・・,2286000
2016,16,・ｯ・・ｱｱ・・・,1061000
2016,17,・・ｳ・ｷ・・・・,1151000
2016,18,・ｦ・・ｺ・・・・,782000
2016,19,・ｱｱ・｢ｨ・・・,830000
2016,20,・・ｷ・・・・・・,2088000
2016,21,・ｲ・・・・・・・,2022000
2016,22,・・・・ｲ｡・・・,3688000
2016,23,・・・・・･・・・,7507000
2016,24,・ｸ・・・・・・・,1808000
2016,25,・ｻ・・ｳ・・・,1413000
2016,26,・ｺｬ・・ｽ・ｺ・,2605000
2016,27,・､ｧ・・ｪ・ｺ・,8833000
2016,28,・・ｵ・ｺｫ・・・,5520000
2016,29,・･・・・ｯ・・・,1356000
2016,30,・・・・ｭ・・ｱｱ・・・,954000
2016,31,・ｳ･・・・・・・,570000
2016,32,・ｳｶ・�ｹ・・・,690000
2016,33,・ｲ｡・ｱｱ・・・,1915000
2016,34,・ｺ・・ｳｶ・・・,2837000
2016,35,・ｱｱ・・｣・・・,1394000
2016,36,・ｾｳ・ｳｶ・・・,750000
2016,37,・ｦ・・ｷ・・・・,972000
2016,38,・・・・ｪ・・・・,1375000
2016,39,・ｫ・・・･・・・,721000
2016,40,・ｦ・・ｲ｡・・・,5104000
2016,41,・ｽ・・ｳ・・・,828000
2016,42,・・ｷ・ｴ・・・・,1367000
2016,43,・・・・・ｬ・・・,1774000
2016,44,・､ｧ・・・・・・,1160000
2016,45,・ｮｮ・ｴ・・・・,1096000
2016,46,・ｹｿ・・・・ｳｶ・・・,1637000
2016,47,・ｲ・・ｸ・・・・,1439000
2017,1,・・・・ｵｷ・・・,5320000
2017,2,・・・・｣ｮ・・・,1278000
2017,3,・ｲｩ・・・・・・,1255000
2017,4,・ｮｮ・・・・・・,2323000
2017,5,・ｧ・・・ｰ・・・,996000
2017,6,・ｱｱ・ｽ｢・・・,1102000
2017,7,・ｦ・・ｳｶ・・・,1882000
2017,8,・・ｨ・・・・・・,2892000
2017,9,・�・・・ｨ・・・,1957000
2017,10,・ｾ､・ｦｬ・・・,1960000
2017,11,・・ｼ・・・・・・,7310000
2017,12,・・・・・・・・・,6246000
2017,13,・・ｱ・ｺｬ・・ｽ,13724000
2017,14,・･・・･・・ｷ・・・・,9159000
2017,15,・・ｰ・ｽ・・・・,2267000
2017,16,・ｯ・・ｱｱ・・・,1056000
2017,17,・・ｳ・ｷ・・・・,1147000
2017,18,・ｦ・・ｺ・・・・,779000
2017,19,・ｱｱ・｢ｨ・・・,823000
2017,20,・・ｷ・・・・・・,2076000
2017,21,・ｲ・・・・・・・,2008000
2017,22,・・・・ｲ｡・・・,3675000
2017,23,・・・・・･・・・,7525000
2017,24,・ｸ・・・・・・・,1800000
2017,25,・ｻ・・ｳ・・・,1413000
2017,26,・ｺｬ・・ｽ・ｺ・,2599000
2017,27,・､ｧ・・ｪ・ｺ・,8823000
2017,28,・・ｵ・ｺｫ・・・,5503000
2017,29,・･・・・ｯ・・・,1348000
2017,30,・・・・ｭ・・ｱｱ・・・,945000
2017,31,・ｳ･・・・・・・,565000
2017,32,・ｳｶ・�ｹ・・・,685000
2017,33,・ｲ｡・ｱｱ・・・,1907000
2017,34,・ｺ・・ｳｶ・・・,2829000
2017,35,・ｱｱ・・｣・・・,1383000
2017,36,・ｾｳ・ｳｶ・・・,743000
2017,37,・ｦ・・ｷ・・・・,967000
2017,38,・・・・ｪ・・・・,1364000
2017,39,・ｫ・・・･・・・,714000
2017,40,・ｦ・・ｲ｡・・・,5107000
2017,41,・ｽ・・ｳ・・・,824000
2017,42,・・ｷ・ｴ・・・・,1354000
2017,43,・・・・・ｬ・・・,1765000
2017,44,・､ｧ・・・・・・,1152000
2017,45,・ｮｮ・ｴ・・・・,1089000
2017,46,・ｹｿ・・・・ｳｶ・・・,1626000
2017,47,・ｲ・・ｸ・・・・,1443000
2018,1,・・・・ｵｷ・・・,5286000
2018,2,・・・・｣ｮ・・・,1263000
2018,3,・ｲｩ・・・・・・,1241000
2018,4,・ｮｮ・・・・・・,2316000
2018,5,・ｧ・・・ｰ・・・,981000
2018,6,・ｱｱ・ｽ｢・・・,1090000
2018,7,・ｦ・・ｳｶ・・・,1864000
2018,8,・・ｨ・・・・・・,2877000
2018,9,・�・・・ｨ・・・,1946000
2018,10,・ｾ､・ｦｬ・・・,1952000
2018,11,・・ｼ・・・・・・,7330000
2018,12,・・・・・・・・・,6255000
2018,13,・・ｱ・ｺｬ・・ｽ,13822000
2018,14,・･・・･・・ｷ・・・・,9177000
2018,15,・・ｰ・ｽ・・・・,2246000
2018,16,・ｯ・・ｱｱ・・・,1050000
2018,17,・・ｳ・ｷ・・・・,1143000
2018,18,・ｦ・・ｺ・・・・,774000
2018,19,・ｱｱ・｢ｨ・・・,817000
2018,20,・・ｷ・・・・・・,2063000
2018,21,・ｲ・・・・・・・,1997000
2018,22,・・・・ｲ｡・・・,3659000
2018,23,・・・・・･・・・,7537000
2018,24,・ｸ・・・・・・・,1791000
2018,25,・ｻ・・ｳ・・・,1412000
2018,26,・ｺｬ・・ｽ・ｺ・,2591000
2018,27,・､ｧ・・ｪ・ｺ・,8813000
2018,28,・・ｵ・ｺｫ・・・,5484000
2018,29,・･・・・ｯ・・・,1339000
2018,30,・・・・ｭ・・ｱｱ・・・,935000
2018,31,・ｳ･・・・・・・,560000
2018,32,・ｳｶ・�ｹ・・・,680000
2018,33,・ｲ｡・ｱｱ・・・,1898000
2018,34,・ｺ・・ｳｶ・・・,2817000
2018,35,・ｱｱ・・｣・・・,1370000
2018,36,・ｾｳ・ｳｶ・・・,736000
2018,37,・ｦ・・ｷ・・・・,962000
2018,38,・・・・ｪ・・・・,1352000
2018,39,・ｫ・・・･・・・,706000
2018,40,・ｦ・・ｲ｡・・・,5107000
2018,41,・ｽ・・ｳ・・・,819000
2018,42,・・ｷ・ｴ・・・・,1341000
2018,43,・・・・・ｬ・・・,1757000
2018,44,・､ｧ・・・・・・,1144000
2018,45,・ｮｮ・ｴ・・・・,1081000
2018,46,・ｹｿ・・・・ｳｶ・・・,1614000
2018,47,・ｲ・・ｸ・・・・,1448000
2019,1,・・・・ｵｷ・・・,5250000
2019,2,・・・・｣ｮ・・・,1246000
2019,3,・ｲｩ・・・・・・,1227000
2019,4,・ｮｮ・・・・・・,2306000
2019,5,・ｧ・・・ｰ・・・,966000
2019,6,・ｱｱ・ｽ｢・・・,1078000
2019,7,・ｦ・・ｳｶ・・・,1846000
2019,8,・・ｨ・・・・・・,2860000
2019,9,・�・・・ｨ・・・,1934000
2019,10,・ｾ､・ｦｬ・・・,1942000
2019,11,・・ｼ・・・・・・,7350000
2019,12,・・・・・・・・・,6259000
2019,13,・・ｱ・ｺｬ・・ｽ,13921000
2019,14,・･・・･・・ｷ・・・・,9198000
2019,15,・・ｰ・ｽ・・・・,2223000
2019,16,・ｯ・・ｱｱ・・・,1044000
2019,17,・・ｳ・ｷ・・・・,1138000
2019,18,・ｦ・・ｺ・・・・,768000
2019,19,・ｱｱ・｢ｨ・・・,811000
2019,20,・・ｷ・・・・・・,2049000
2019,21,・ｲ・・・・・・・,1987000
2019,22,・・・・ｲ｡・・・,3644000
2019,23,・・・・・･・・・,7552000
2019,24,・ｸ・・・・・・・,1781000
2019,25,・ｻ・・ｳ・・・,1414000
2019,26,・ｺｬ・・ｽ・ｺ・,2583000
2019,27,・､ｧ・・ｪ・ｺ・,8809000
2019,28,・・ｵ・ｺｫ・・・,5466000
2019,29,・･・・・ｯ・・・,1330000
2019,30,・・・・ｭ・・ｱｱ・・・,925000
2019,31,・ｳ･・・・・・・,556000
2019,32,・ｳｶ・�ｹ・・・,674000
2019,33,・ｲ｡・ｱｱ・・・,1890000
2019,34,・ｺ・・ｳｶ・・・,2804000
2019,35,・ｱｱ・・｣・・・,1358000
2019,36,・ｾｳ・ｳｶ・・・,728000
2019,37,・ｦ・・ｷ・・・・,956000
2019,38,・・・・ｪ・・・・,1339000
2019,39,・ｫ・・・･・・・,698000
2019,40,・ｦ・・ｲ｡・・・,5104000
2019,41,・ｽ・・ｳ・・・,815000
2019,42,・・ｷ・ｴ・・・・,1327000
2019,43,・・・・・ｬ・・・,1748000
2019,44,・､ｧ・・・・・・,1135000
2019,45,・ｮｮ・ｴ・・・・,1073000
2019,46,・ｹｿ・・・・ｳｶ・・・,1602000
2019,47,・ｲ・・ｸ・・・・,1453000
2020,1,・・・・ｵｷ・・・,5224614
2020,2,・・・・｣ｮ・・・,1237984
2020,3,・ｲｩ・・・・・・,1210534
2020,4,・ｮｮ・・・・・・,2301996
2020,5,・ｧ・・・ｰ・・・,959502
2020,6,・ｱｱ・ｽ｢・・・,1068027
2020,7,・ｦ・・ｳｶ・・・,1833152
2020,8,・・ｨ・・・・・・,2867009
2020,9,・�・・・ｨ・・・,1933146
2020,10,・ｾ､・ｦｬ・・・,1939110
2020,11,・・ｼ・・・・・・,7344765
2020,12,・・・・・・・・・,6284480
2020,13,・・ｱ・ｺｬ・・ｽ,14047594
2020,14,・･・・･・・ｷ・・・・,9237337
2020,15,・・ｰ・ｽ・・・・,2201272
2020,16,・ｯ・・ｱｱ・・・,1034814
2020,17,・・ｳ・ｷ・・・・,1132526
2020,18,・ｦ・・ｺ・・・・,766863
2020,19,・ｱｱ・｢ｨ・・・,809974
2020,20,・・ｷ・・・・・・,2048011
2020,21,・ｲ・・・・・・・,1978742
2020,22,・・・・ｲ｡・・・,3633202
2020,23,・・・・・･・・・,7542415
2020,24,・ｸ・・・・・・・,1770254
2020,25,・ｻ・・ｳ・・・,1413610
2020,26,・ｺｬ・・ｽ・ｺ・,2578087
2020,27,・､ｧ・・ｪ・ｺ・,8837685
2020,28,・・ｵ・ｺｫ・・・,5465002
2020,29,・･・・・ｯ・・・,1324473
2020,30,・・・・ｭ・・ｱｱ・・・,922584
2020,31,・ｳ･・・・・・・,553407
2020,32,・ｳｶ・�ｹ・・・,671126
2020,33,・ｲ｡・ｱｱ・・・,1888432
2020,34,・ｺ・・ｳｶ・・・,2799702
2020,35,・ｱｱ・・｣・・・,1342059
2020,36,・ｾｳ・ｳｶ・・・,719559
2020,37,・ｦ・・ｷ・・・・,950244
2020,38,・・・・ｪ・・・・,1334841
2020,39,・ｫ・・・･・・・,691527
2020,40,・ｦ・・ｲ｡・・・,5135214
2020,41,・ｽ・・ｳ・・・,811442
2020,42,・・ｷ・ｴ・・・・,1312317
2020,43,・・・・・ｬ・・・,1738301
2020,44,・､ｧ・・・・・・,1123852
2020,45,・ｮｮ・ｴ・・・・,1069576
2020,46,・ｹｿ・・・・ｳｶ・・・,1588256
2020,47,・ｲ・・ｸ・・・・,1467480
2021,1,・・・・ｵｷ・・・,5183000
2021,2,・・・・｣ｮ・・・,1221000
2021,3,・ｲｩ・・・・・・,1196000
2021,4,・ｮｮ・・・・・・,2290000
2021,5,・ｧ・・・ｰ・・・,945000
2021,6,・ｱｱ・ｽ｢・・・,1055000
2021,7,・ｦ・・ｳｶ・・・,1812000
2021,8,・・ｨ・・・・・・,2852000
2021,9,・�・・・ｨ・・・,1921000
2021,10,・ｾ､・ｦｬ・・・,1927000
2021,11,・・ｼ・・・・・・,7340000
2021,12,・・・・・・・・・,6275000
2021,13,・・ｱ・ｺｬ・・ｽ,14010000
2021,14,・･・・･・・ｷ・・・・,9236000
2021,15,・・ｰ・ｽ・・・・,2177000
2021,16,・ｯ・・ｱｱ・・・,1025000
2021,17,・・ｳ・ｷ・・・・,1125000
2021,18,・ｦ・・ｺ・・・・,760000
2021,19,・ｱｱ・｢ｨ・・・,805000
2021,20,・・ｷ・・・・・・,2033000
2021,21,・ｲ・・・・・・・,1961000
2021,22,・・・・ｲ｡・・・,3608000
2021,23,・・・・・･・・・,7517000
2021,24,・ｸ・・・・・・・,1756000
2021,25,・ｻ・・ｳ・・・,1411000
2021,26,・ｺｬ・・ｽ・ｺ・,2561000
2021,27,・､ｧ・・ｪ・ｺ・,8806000
2021,28,・・ｵ・ｺｫ・・・,5432000
2021,29,・･・・・ｯ・・・,1315000
2021,30,・・・・ｭ・・ｱｱ・・・,914000
2021,31,・ｳ･・・・・・・,549000
2021,32,・ｳｶ・�ｹ・・・,665000
2021,33,・ｲ｡・ｱｱ・・・,1876000
2021,34,・ｺ・・ｳｶ・・・,2780000
2021,35,・ｱｱ・・｣・・・,1328000
2021,36,・ｾｳ・ｳｶ・・・,712000
2021,37,・ｦ・・ｷ・・・・,942000
2021,38,・・・・ｪ・・・・,1321000
2021,39,・ｫ・・・･・・・,684000
2021,40,・ｦ・・ｲ｡・・・,5124000
2021,41,・ｽ・・ｳ・・・,806000
2021,42,・・ｷ・ｴ・・・・,1297000
2021,43,・・・・・ｬ・・・,1728000
2021,44,・､ｧ・・・・・・,1114000
2021,45,・ｮｮ・ｴ・・・・,1061000
2021,46,・ｹｿ・・・・ｳｶ・・・,1576000
2021,47,・ｲ・・ｸ・・・・,1468000
2025,1,・・・・ｵｷ・・・,5016554
2025,2,・・・・｣ｮ・・・,1157332
2025,3,・ｲｩ・・・・・・,1161638
2025,4,・ｮｮ・・・・・・,2227471
2025,5,・ｧ・・・ｰ・・・,885285
2025,6,・ｱｱ・ｽ｢・・・,1015910
2025,7,・ｦ・・ｳｶ・・・,1733103
2025,8,・・ｨ・・・・・・,2750204
2025,9,・�・・・ｨ・・・,1872842
2025,10,・ｾ､・ｦｬ・・・,1865565
2025,11,・・ｼ・・・・・・,7202953
2025,12,・・・・・・・・・,6118170
2025,13,・・ｱ・ｺｬ・・ｽ,13845936
2025,14,・･・・･・・ｷ・・・・,9069562
2025,15,・・ｰ・ｽ・・・・,2131156
2025,16,・ｯ・・ｱｱ・・・,996442
2025,17,・・ｳ・ｷ・・・・,1104368
2025,18,・ｦ・・ｺ・・・・,737898
2025,19,・ｱｱ・｢ｨ・・・,763274
2025,20,・・ｷ・・・・・・,1957953
2025,21,・ｲ・・・・・・・,1901131
2025,22,・・・・ｲ｡・・・,3506064
2025,23,・・・・・･・・・,7455615
2025,24,・ｸ・・・・・・・,1709820
2025,25,・ｻ・・ｳ・・・,1394593
2025,26,・ｺｬ・・ｽ・ｺ・,2509875
2025,27,・､ｧ・・ｪ・ｺ・,8526202
2025,28,・・ｵ・ｺｫ・・・,5306083
2025,29,・･・・・ｯ・・・,1264574
2025,30,・・・・ｭ・・ｱｱ・・・,875553
2025,31,・ｳ･・・・・・・,536747
2025,32,・ｳｶ・�ｹ・・・,642787
2025,33,・ｲ｡・ｱｱ・・・,1846230
2025,34,・ｺ・・ｳｶ・・・,2758220
2025,35,・ｱｱ・・｣・・・,1292809
2025,36,・ｾｳ・ｳｶ・・・,687680
2025,37,・ｦ・・ｷ・・・・,921343
2025,38,・・・・ｪ・・・・,1274128
2025,39,・ｫ・・・･・・・,652757
2025,40,・ｦ・・ｲ｡・・・,5042774
2025,41,・ｽ・・ｳ・・・,784789
2025,42,・・ｷ・ｴ・・・・,1257939
2025,43,・・・・・ｬ・・・,1691314
2025,44,・､ｧ・・・・・・,1089084
2025,45,・ｮｮ・ｴ・・・・,1023170
2025,46,・ｹｿ・・・・ｳｶ・・・,1510970
2025,47,・ｲ・・ｸ・・・・,1468236
2030,1,・・・・ｵｷ・・・,4791592
2030,2,・・・・｣ｮ・・・,1076393
2030,3,・ｲｩ・・・・・・,1096141
2030,4,・ｮｮ・・・・・・,2143601
2030,5,・ｧ・・・ｰ・・・,814295
2030,6,・ｱｱ・ｽ｢・・・,957314
2030,7,・ｦ・・ｳｶ・・・,1635235
2030,8,・・ｨ・・・・・・,2638185
2030,9,・�・・・ｨ・・・,1805949
2030,10,・ｾ､・ｦｬ・・・,1796233
2030,11,・・ｼ・・・・・・,7076167
2030,12,・・・・・・・・・,5985915
2030,13,・・ｱ・ｺｬ・・ｽ,13882538
2030,14,・･・・･・・ｷ・・・・,8933474
2030,15,・・ｰ・ｽ・・・・,2031445
2030,16,・ｯ・・ｱｱ・・・,954745
2030,17,・・ｳ・ｷ・・・・,1070727
2030,18,・ｦ・・ｺ・・・・,709753
2030,19,・ｱｱ・｢ｨ・・・,724352
2030,20,・・ｷ・・・・・・,1877667
2030,21,・ｲ・・・・・・・,1820918
2030,22,・・・・ｲ｡・・・,3380104
2030,23,・・・・・･・・・,7359302
2030,24,・ｸ・・・・・・・,1645050
2030,25,・ｻ・・ｳ・・・,1371841
2030,26,・ｺｬ・・ｽ・ｺ・,2430849
2030,27,・､ｧ・・ｪ・ｺ・,8262029
2030,28,・・ｵ・ｺｫ・・・,5139095
2030,29,・･・・・ｯ・・・,1202479
2030,30,・・・・ｭ・・ｱｱ・・・,829087
2030,31,・ｳ･・・・・・・,516255
2030,32,・ｳｶ・�ｹ・・・,615424
2030,33,・ｲ｡・ｱｱ・・・,1796872
2030,34,・ｺ・・ｳｶ・・・,2689284
2030,35,・ｱｱ・・｣・・・,1230324
2030,36,・ｾｳ・ｳｶ・・・,651234
2030,37,・ｦ・・ｷ・・・・,888509
2030,38,・・・・ｪ・・・・,1212388
2030,39,・ｫ・・・･・・・,614449
2030,40,・ｦ・・ｲ｡・・・,4955295
2030,41,・ｽ・・ｳ・・・,757242
2030,42,・・ｷ・ｴ・・・・,1192223
2030,43,・・・・・ｬ・・・,1635901
2030,44,・､ｧ・・・・・・,1044038
2030,45,・ｮｮ・ｴ・・・・,976626
2030,46,・ｹｿ・・・・ｳｶ・・・,1436753
2030,47,・ｲ・・ｸ・・・・,1469847
2035,1,・・・・ｵｷ・・・,4546357
2035,2,・・・・｣ｮ・・・,993737
2035,3,・ｲｩ・・・・・・,1028673
2035,4,・ｮｮ・・・・・・,2046219
2035,5,・ｧ・・・ｰ・・・,744014
2035,6,・ｱｱ・ｽ｢・・・,897075
2035,7,・ｦ・・ｳｶ・・・,1533521
2035,8,・・ｨ・・・・・・,2512144
2035,9,・�・・・ｨ・・・,1730414
2035,10,・ｾ､・ｦｬ・・・,1719914
2035,11,・・ｼ・・・・・・,6909319
2035,12,・・・・・・・・・,5822882
2035,13,・・ｱ・ｺｬ・・ｽ,13851782
2035,14,・･・・･・・ｷ・・・・,8750958
2035,15,・・ｰ・ｽ・・・・,1926432
2035,16,・ｯ・・ｱｱ・・・,910161
2035,17,・・ｳ・ｷ・・・・,1032500
2035,18,・ｦ・・ｺ・・・・,679595
2035,19,・ｱｱ・｢ｨ・・・,683945
2035,20,・・ｷ・・・・・・,1793174
2035,21,・ｲ・・・・・・・,1735195
2035,22,・・・・ｲ｡・・・,3241803
2035,23,・・・・・･・・・,7227958
2035,24,・ｸ・・・・・・・,1575867
2035,25,・ｻ・・ｳ・・・,1341440
2035,26,・ｺｬ・・ｽ・ｺ・,2338843
2035,27,・､ｧ・・ｪ・ｺ・,7962983
2035,28,・・ｵ・ｺｫ・・・,4948778
2035,29,・･・・・ｯ・・・,1135578
2035,30,・・・・ｭ・・ｱｱ・・・,781816
2035,31,・ｳ･・・・・・・,494893
2035,32,・ｳｶ・�ｹ・・・,587556
2035,33,・ｲ｡・ｱｱ・・・,1741517
2035,34,・ｺ・・ｳｶ・・・,2609116
2035,35,・ｱｱ・・｣・・・,1165692
2035,36,・ｾｳ・ｳｶ・・・,613686
2035,37,・ｦ・・ｷ・・・・,853054
2035,38,・・・・ｪ・・・・,1148113
2035,39,・ｫ・・・･・・・,575728
2035,40,・ｦ・・ｲ｡・・・,4841878
2035,41,・ｽ・・ｳ・・・,728170
2035,42,・・ｷ・ｴ・・・・,1124291
2035,43,・・・・・ｬ・・・,1576825
2035,44,・､ｧ・・・・・・,996732
2035,45,・ｮｮ・ｴ・・・・,928034
2035,46,・ｹｿ・・・・ｳｶ・・・,1361575
2035,47,・ｲ・・ｸ・・・・,1465761
2040,1,・・・・ｵｷ・・・,4280427
2040,2,・・・・｣ｮ・・・,908974
2040,3,・ｲｩ・・・・・・,957788
2040,4,・ｮｮ・・・・・・,1933258
2040,5,・ｧ・・・ｰ・・・,672617
2040,6,・ｱｱ・ｽ｢・・・,833844
2040,7,・ｦ・・ｳｶ・・・,1426392
2040,8,・・ｨ・・・・・・,2376146
2040,9,・�・・・ｨ・・・,1647288
2040,10,・ｾ､・ｦｬ・・・,1637642
2040,11,・・ｼ・・・・・・,6721414
2040,12,・・・・・・・・・,5645611
2040,13,・・ｱ・ｺｬ・・ｽ,13758624
2040,14,・･・・･・・ｷ・・・・,8541016
2040,15,・・ｰ・ｽ・・・・,1814665
2040,16,・ｯ・・ｱｱ・・・,863342
2040,17,・・ｳ・ｷ・・・・,990439
2040,18,・ｦ・・ｺ・・・・,647241
2040,19,・ｱｱ・｢ｨ・・・,641932
2040,20,・・ｷ・・・・・・,1704857
2040,21,・ｲ・・・・・・・,1645898
2040,22,・・・・ｲ｡・・・,3094264
2040,23,・・・・・･・・・,7070766
2040,24,・ｸ・・・・・・・,1503635
2040,25,・ｻ・・ｳ・・・,1304201
2040,26,・ｺｬ・・ｽ・ｺ・,2238226
2040,27,・､ｧ・・ｪ・ｺ・,7649229
2040,28,・・ｵ・ｺｫ・・・,4742647
2040,29,・･・・・ｯ・・・,1066267
2040,30,・・・・ｭ・・ｱｱ・・・,734325
2040,31,・ｳ･・・・・・・,472156
2040,32,・ｳｶ・�ｹ・・・,558290
2040,33,・ｲ｡・ｱｱ・・・,1681383
2040,34,・ｺ・・ｳｶ・・・,2520520
2040,35,・ｱｱ・・｣・・・,1099619
2040,36,・ｾｳ・ｳｶ・・・,574474
2040,37,・ｦ・・ｷ・・・・,814677
2040,38,・・・・ｪ・・・・,1080610
2040,39,・ｫ・・・･・・・,536443
2040,40,・ｦ・・ｲ｡・・・,4704812
2040,41,・ｽ・・ｳ・・・,696815
2040,42,・・ｷ・ｴ・・・・,1053851
2040,43,・・・・・ｬ・・・,1511793
2040,44,・､ｧ・・・・・・,946917
2040,45,・ｮｮ・ｴ・・・・,876863
2040,46,・ｹｿ・・・・ｳｶ・・・,1284036
2040,47,・ｲ・・ｸ・・・・,1452321
2045,1,・・・・ｵｷ・・・,4004973
2045,2,・・・・｣ｮ・・・,823610
2045,3,・ｲｩ・・・・・・,884518
2045,4,・ｮｮ・・・・・・,1809021
2045,5,・ｧ・・・ｰ・・・,601649
2045,6,・ｱｱ・ｽ｢・・・,768490
2045,7,・ｦ・・ｳｶ・・・,1314903
2045,8,・・ｨ・・・・・・,2235686
2045,9,・�・・・ｨ・・・,1560619
2045,10,・ｾ､・ｦｬ・・・,1552950
2045,11,・・ｼ・・・・・・,6524800
2045,12,・・・・・・・・・,5463363
2045,13,・・ｱ・ｺｬ・・ｽ,13606683
2045,14,・･・・･・・ｷ・・・・,8312524
2045,15,・・ｰ・ｽ・・・・,1698989
2045,16,・ｯ・・ｱｱ・・・,817398
2045,17,・・ｳ・ｷ・・・・,947918
2045,18,・ｦ・・ｺ・・・・,614144
2045,19,・ｱｱ・｢ｨ・・・,598935
2045,20,・・ｷ・・・・・・,1614511
2045,21,・ｲ・・・・・・・,1556529
2045,22,・・・・ｲ｡・・・,2942865
2045,23,・・・・・･・・・,6899465
2045,24,・ｸ・・・・・・・,1430804
2045,25,・ｻ・・ｳ・・・,1262924
2045,26,・ｺｬ・・ｽ・ｺ・,2136807
2045,27,・､ｧ・・ｪ・ｺ・,7335352
2045,28,・・ｵ・ｺｫ・・・,4532499
2045,29,・･・・・ｯ・・・,998076
2045,30,・・・・ｭ・・ｱｱ・・・,688031
2045,31,・ｳ･・・・・・・,448529
2045,32,・ｳｶ・�ｹ・・・,528988
2045,33,・ｲ｡・ｱｱ・・・,1620031
2045,34,・ｺ・・ｳｶ・・・,2428818
2045,35,・ｱｱ・・｣・・・,1035661
2045,36,・ｾｳ・ｳｶ・・・,535370
2045,37,・ｦ・・ｷ・・・・,776478
2045,38,・・・・ｪ・・・・,1012995
2045,39,・ｫ・・・･・・・,498460
2045,40,・ｦ・・ｲ｡・・・,4554486
2045,41,・ｽ・・ｳ・・・,663781
2045,42,・・ｷ・ｴ・・・・,982200
2045,43,・・・・・ｬ・・・,1442442
2045,44,・､ｧ・・・・・・,896653
2045,45,・ｮｮ・ｴ・・・・,824806
2045,46,・ｹｿ・・・・ｳｶ・・・,1204146
2045,47,・ｲ・・ｸ・・・・,1428305
